DrugName,total_sales,total_cost
,436786.54999999487,104481.26199999938
"HUMAN ALBUMIN 25% INJ",314856.39999999985,216914.39999999956
"MEROPENEM 1GM INJ",219485.942,74030.08000000006
"LIPOSOMAL AMPHOTERICIN B 50MG INJ",105262.60000000003,96450
"PARACETAMOL 1GM IV INJ",94146.75799999967,21910.442000000126
"TIGECYCLINE 50MG INJ",91407.9,29207.679999999993
"MULTIPLE ELECTROLYTES 500ML IVF",88019.20000000019,45632.576000000045
"MICAFUNGIN 50MG INJ",85760.03200000002,72297.20000000003
"PIPERACILLIN 4GM+ TAZOBACTAM 500MG",75899.54799999998,30695.928000000073
"SODIUM CHLORIDE IVF 100ML",61403.95200000011,34693.11600000007
"SEVOFLURANE 99.97%",55424.81400000001,5672.716
"POLYMYXIN B INJ 500000IU",54560.22000000002,11330.24
"HUMAN GAMMA GLOBULIN 100ML INJ",53557.68400000001,41990
"CEFTAZIDIME 2GM+AVIBACTAM 500MG",52892.00000000001,43339.473999999995
"SODIUM CHLORIDE 0.9%",50178.92599999998,31384.08599999997
"OCTREOTIDE 100MCG 1ML INJ",48667.4,12869.262
"CEFOPERAZONE 1GM + SULBACTAM 500MG INJ",40340.67400000003,24901.08799999996
"ONDANSETRON 2MG/ML",39921.31800000005,18787.17800000002
PEMBROLIZUMAB,39490,33178
"HUMAN ALBUMIN 5% 250ML INJ",37746.399999999994,42264.5
"ATRACURIUM BESYLATE 25MG/2.5ML",37114.69999999998,10109.192000000003
"ANIDULAFUNGIN 100MG",36441.88,23772.870000000006
"WATER FOR INJECTION 10ML SOLUTION",35316.31600000006,10583.58599999999
"PANTOPRAZOLE 40MG INJ",30046.182000000175,19317.64999999997
"NORADRENALINE 2ML INJ",28834.12000000002,7243.455999999993
"MEROPENEM 500MG INJ",27327.352000000006,10280.128000000002
"NUTRITIONAL SUPPLEMENT POWDER",25359.200000000008,22119.292000000012
"LEVOSALBUTAMOL/LEVALBUTEROL 0.63MG RESPULES",24889.177999999967,7427.945999999996
"VALGANCICLOVIR 450MG TAB",23226.504000000004,16855.308000000005
SEVOFLURANE,21743.06,2191.5
"HUMAN ALBUMIN LOW SALT 20% 100ML IV FLUID",18438,12683
"POTASSIUM CHLORIDE 150MG",16397.188000000016,7508.831999999993
"BASILIXIMAB 20 MG",15910.4,13480
"REMDESIVIR 100MG INJ",14580,7305.5999999999985
"ADRENALINE INJ 1ML",13695.26999999999,4831.342000000006
"EPOETIN BETA",13650,12018.879999999996
"SODIUM CHLORIDE 0.85G + POTASSIUM CHLORIDE 0.038G + CALCIUM CHLORIDE 0.070G",13557.00199999999,12414.993999999999
"ENOXAPARIN 60MG",13301.359999999986,7031.599999999994
"CEFTRIAXONE 1GM",13090.582000000002,6769.164
"LIGNOCAINE HYDROCHLORIDE 2% INJ",13024.076000000025,11869.10600000002
"N-ACETYLCYSTEINE 1000MG/5ML INJ",12855.092000000002,3654.8280000000004
"PROPOFOL 1% 20ML INJ",12318.200000000012,6786.240000000008
"EPTIFIBATIDE INJ 100ML",12220,4190
"ENOXAPARIN 40MG",12055.835999999994,7842.400000000008
"TPN SOLUTION",11902.199999999999,9051.786
"SODIUM CHLORIDE 0.9% IVF 1000ML",11859.723999999991,7528.096000000004
"SALBUTAMOL 2.5MG",11770.360000000004,3203.3919999999994
"MINOCYCLINE INJ 100MG",11573.799999999997,4780
"PARACETAMOL 150MG",11152.939999999999,2750.2019999999998
"PIPERACILLIN 2GM + TAZOBACTAM 250MG",11116.936,5450.334000000002
"PEGASPARGASE 3750IU",10900,9162.4
"TEICOPLANIN 400MG INJ",10614.913999999999,8427.848000000002
"ESOMEPRAZOLE 40MG",10417.928000000009,7092.134
"CEFUROXIME 1.5GM INJ",10399.840000000002,3338.400000000002
"TERLIPRESSIN 1MG INJ",10278.399999999998,6306.231999999998
"URSODEOXYCHOLIC ACID 300MG TAB",10221.163999999997,7785.205999999996
"TENECTEPLASE 40MG INJ",10172,7483.744
"SODIUM BICARBONATE 8.5% INJ",9587.539999999997,3388.2139999999995
"CALCIUM POLYSTYRENE SULFONATE 15GM POWDER",9468.199999999997,4889.794000000003
"CASPOFUNGIN 50MG",9360,6105
"ISAVUCONAZOLE 200MG",9198.568,7310.854
"MAGNESIUM SULPHATE 2ML INJ",9158.180000000004,4457.738000000001
"PROPOFOL 1% 50ML INJ",9154.216,5519.360000000001
GLYCOPYRROLATE,9000.744000000012,5051.987999999999
ISAVUCONAZOLE,8707.724,6982.18
"FOSFOMYCIN 4GM",8552.8,3587.2
"SODIUM CHLORIDE 0.45%",8535.080000000002,4987.654000000001
"DEXTROSE 5% W/V IV FLUID",8528.464000000004,7894.11200000001
"L LEUCINS 2.3GM + L VALINE 1.5GM + L ISOLEUCINE 1.2GM SACHET",8030,4525.225999999998
"IMEPENEM 500MG + CILASTATIN 500MG INJ",7817,1244.096
"BUDESONIDE 2ML",7597.807999999999,3772.26
"SODIUM CHLORIDE 600MG + SODIUM LACTATE 320MG + POTASSIUM CHLORIDE 40MG + CALCIUM CHLORIDE 27MG/100ML",7556.470000000003,5852.440000000002
"FILGRASTIM 300MCG",7458.32,2632.48
"LEVOSALBUTAMOL 1.25MG + IPRATROPIUM BROMIDE 500MCG RESPULES",7456.955999999998,2902.051999999999
"DEXAMETHASONE 4MG/2ML INJ",7157.1440000000075,5519.462
"COLISTIMETHATE SODIUM 2MIU",7025.304,1420.48
"HEPARIN10IU + SODIUM CHLORIDE + BENZYL  ALCOHOL 2ML INJ",6962.679999999998,1654.7820000000002
"DAPTOMYCIN 350MG INJ",6902.4,3012
"TACROLIMUS 1MG CAP",6737.800000000003,6507.539999999996
"DEXTROSE 5GM + SODIUM CHLORIDE 0.9%W/V 500ML IV FLUID",6391.439999999996,5226.2440000000015
"DEXMEDETOMIDINE 100MCG/ML 2ML INJ",6229.6,2426.6439999999993
"ATROPINE SULPHATE 0.6MG",6124.601999999998,5626.37000000001
"CALCIUM GLUCONATE",6111.511999999999,3173.6160000000045
"DEXTROSE 25%W/V IVF",5847.271999999999,3068.9379999999996
"SODIUM CHLORIDE 3%",5828.464,3335.6319999999996
"LACTULOSE 300ML SYP",5615.403999999997,4989.7480000000005
TRAMADOL,5594.000000000003,4016.1199999999976
"LEVETIRACETAM 100MG/ML INJ",5465.809999999999,3470.290000000001
"AMINO ACID SOLUTION FOR INJECTION TPN 500ML",5393.4000000000015,4109.263999999999
"EPHEDRINE 30MG",5337.760000000008,4967.951999999995
"PIPERACILLIN 1GM + TAZOBACTAM 125MG",5326.293999999999,2936.2100000000005
"FUROSEMIDE 10MG/ML",5241.696,3518.8100000000027
"HEPARIN 5000IU INJ",5202.879999999997,3534.0800000000027
"FENTANYL 100MCG/2ML",5109.599999999996,3684.2060000000065
"RIFAXIMIN 550MG TAB",5003.8899999999985,3444.7639999999988
"ENOXAPARIN 20MG",4856.453999999999,2881.2239999999997
"MESNA 200MG INJ",4826.4,560.6800000000001
"MIDAZOLAM 10MG/10ML INJ",4770,3669.6539999999954
"IMIPENAM 500MG + CILASTATIN 500MG",4600,2880
"LACTULOSE 150ML SYP",4519.19,4248.773999999998
"FERRIC CARBOXYMALTOSE 50MG/ML",4457.400000000001,3632.96
"METRONIDAZOLE 500MG/100ML IVF",4381.44,2603.7760000000017
"CLOTRIMAZOLE 1%W/W POWDER",4275.822,4050.454000000002
"ANHYDROUS DEXTROSE 1000MG + ASCORBIC ACID 500MG + NIACINAMIDE 160MG + PYRIDOXINE 50MG + RIBOFLAVINE 4MG + THIAMINE 250MG",4124,3282.704
"DALTEPARIN SODIUM 2500IU INJ",4099.739999999998,3134.7400000000007
"DALTEPARIN SODIUM 5000IU INJ",4095.1239999999984,3213.410000000001
"HUMAN INSULIN 40IU INJ",4085.988000000005,3990.3019999999997
"EPTIFIBATIDE 0.75MG/ML",4004.214,774.266
"CHLORHEXIDINE GLUCONATE 0.2%W/V",3862.350000000003,3542.082
"MORPHINE SULPHATE 10MG/ML INJ",3771.1999999999985,2053.8080000000004
"TEICOPLANIN 200MG INJ",3663.602,2373.66
"LEVOSALBUTAMOL 1.25MG RESPULES",3528.350000000001,1203.9279999999999
"TRANEXAMIC ACID 500MG",3408.9199999999996,1566.1759999999997
"PROPOFOL 1% 10ML INJ",3286.7079999999996,2722.304
"CASPOFUNGIN 70MG",3240,4112
"PEPTIDE BASED DIET POWDER",3238.0000000000005,2619.888000000001
"LACTIC ACID BACTERIA + BIFIDOBACTERIA CAP",3138.9999999999986,2843.696
"N-ACETYLCYSTEINE 200MG/2ML INJ",3137.4,1489.132
"FENTANYL INJ 500MCG/10ML",3102.160000000001,1797.9839999999995
"LEVOSULPIRIDE 25MG",3091.1999999999994,1624.3759999999995
"HYDROCORTISONE 100MG INJ",2939.9999999999995,2294.513999999999
"DEXTROSE 50%W/V 25ML INJ",2924.136,1012.618
"VITAMIN K 1ML INJ",2904.3999999999987,2337.5959999999977
"FLUDRABINE PHOSPHATE 50MG",2902.616,2330.092
"TOBRAMYCIN 300MG",2877.5879999999997,2152.4120000000003
"PHENYLEPHRINE 10MG/ML",2876.799999999999,2579.0400000000004
"SODIUM PHOSPHATE 1.963GM POWDER",2871.0000000000005,2439.3439999999982
"VORICONAZOLE 200MG TAB",2849.056,1860.224
"STERIL WATER FOR INJECTION 1000ML SOLUTION",2834.5199999999995,1880.7679999999996
"MYCOPHENOLATE MOFETIL 500MG TAB",2769.919999999999,2357.2799999999997
"PANTOPRAZOLE 40MG TAB",2753.4000000000005,2616.2480000000005
"DOXYCYCLINE 100MG INJ",2715,1021.9519999999999
"METHOTREXATE 1GM INJ",2668.1040000000003,1702.292
"CEFAZOLIN 500MG",2646.25,1035.8960000000002
"POSACONAZOLE 100MG",2632,2217.28
"LIQUID PARAFFIN + MILK OF MAGNESIA",2584.2799999999997,2330.976
"MUPIROCIN 5G OINT",2527.6699999999996,2256.9000000000005
"TACROLIMUS CAP 0.5MG",2517.2000000000003,2309.604000000001
"DICLOFENAC 1ML INJ",2386.2000000000003,1403.5799999999997
"CARBOPLATIN 450MG",2368.53,1548.8000000000002
"RINGER LACTATE  500ML IV FLUIDS",2306.4320000000002,1577.9739999999995
"VASOPRESSIN 1ML INJ",2279.7,1512.2099999999998
"AMBROXOL 15MG",2270.3199999999997,779.8659999999999
"DARBEPOETIN ALFA 40MCG INJ",2208.3999999999996,1153.3780000000002
"OCTREOTIDE 50MCG 1ML INJ",2186.2000000000003,811.022
"CEFTAZIDIME 2GM",2167.05,1570.5600000000002
"HAEMOSTATIC 3GM POWDER",2030,1148.8
"AMINO ACID SOLUTION FOR INJECTION TPN 100ML",2025.1999999999998,1801.7920000000001
"TOLVAPTAN 15MG",2012.1700000000003,1671.5900000000001
"MIDODRINE 2.5MG TAB",1986,1706.64
"ERTAPENEM 1GM",1980,1262.4
"LIQUID PARAFFIN 100ML",1942.7999999999993,1636.543999999999
"PHENERAMINE MALEATE 22.75MG/2ML",1929.7939999999996,1491.56
"NEOSTIGMINE 1ML INJ",1927.6999999999994,1481.1240000000005
"METHYLPREDNISOLONE 1GM INJ",1891.69,1864.0200000000002
"ADEMETIONINE 400MG",1872.8120000000001,1462.518
"DEXTROSE 10%W/V 500ML IVF",1864.4800000000002,1432.1359999999997
"CALCITONIN 100IU",1846.4,1031.188
"BUPIVACAINE 0.25%",1835.7599999999995,1298.364
"HEPARIN 25000IU INJ",1811.4880000000003,1527.0399999999997
"IPRATROPIUM BROMIDE 500MCG RESPULES",1728.3600000000001,567.052
"METOCLOPROMIDE 2ML/10MG INJ",1725.6920000000002,1119.8740000000003
"LIDOCAINE/LIGNOCAINE (2%) INJ",1710.0400000000004,1711.5480000000011
"CEFOTAXIME 1GM",1678.5379999999998,1055.102
"FLUCONAZOLE 200MG TAB",1661.6960000000006,1159.316
"HUMAN GAMMA GLOBULIN 50ML INJ",1655.11,932.5
"CARBOXYMETHYL CELLULOSE 10ML",1594.8400000000004,1481.7080000000003
"OXYTOCIN 10IU/ML",1590.64,523.864
"CALCIUM 500MG + VITAMIN D3 250IU",1584.5400000000004,1566.0199999999998
"VECURONIUM BROMIDE 10MG INJ",1568,787.238
"ELTROMBOPAG 25MG",1559.4,1349.826
"BISACODYL 10MG",1545.43,1211.018
"RANITIDINE 50MG/2ML INJ",1520.6599999999994,1365.0700000000004
OXALIPLATIN??50MG,1504,732.5699999999999
"HEPARIN 200IU + ETHANOL   20G GEL",1493.5699999999995,1287.708
"NIFEDIPINE 5MG CAP",1492.514,569.562
"PARACETAMOL 650MG TAB",1484.5500000000004,1500.8300000000002
"NEOSTIGMINE 5ML INJ",1435.3999999999996,1406.5639999999994
"VORICONAZOLE 200MG INJ",1404.66,924.352
"ACYCLOVIR 250MG INJ",1360.378,667.784
"TENOFOVIR ALAFENAMIDE 25MG TAB",1350.512,1039.872
"INDOCYANINE GREEN 25MG INJ",1320,1228.8000000000002
"AMOXYCILLIN 1000MG + CLAVULANIC ACID 200MG INJ",1313.864,905.26
"INSULIN GLARGINE 100IU/ML 3ML INJ",1299.1100000000001,1091.868
"PANTOPRAZOLE 40MG + DOMPERIDONE 30MG TAB",1297.3999999999999,1097.5480000000002
"POSACONAZOLE 300MG",1279.8,712
"COLLOIDAL SILVER 32PPM",1256.7,1138.294
"FOLIC ACID 5MG",1252.8439999999998,1298.484
"GLYCERYL TRINITRATE 5MG",1239.3319999999999,997.6959999999999
"COLISTIMETHATE SODIUM 1MIU",1232.544,277.12
"SUCRALFATE 500MG/5ML",1212.4999999999998,1026.062
"MILRINONE 10MG/10ML INJ",1209.2,376.2
"PACLITAXEL PROTEIN BOUND PARTICLES 100MG",1193.43,667.2
"ATORVASTATIN 40MG",1189.706,1021.9060000000001
"FORMOTEROL 20MCG + BUDESONIDE 0.5MG",1188.016,903.272
"LIPID 20% 100ML TPN",1150.4,804.8
"AMPHOTERICIN B 50MG",1111.44,871.0100000000001
"SIROLIMUS 1MG",1089.6,393.6
"ONDANSETRON 4MG",1072.1559999999997,1130.4860000000003
"LEVOCLOPERASTINE FENDIZOATE 20GM/5ML 100ML SUSPENSION",1068.6399999999999,954.0480000000001
"CEFIXIME 200MG",1067.11,1034.518
"PHENYLEPHRINE 10 MG",1055.648,817.3059999999999
"ROPIVACAINE 0.5% 20ML INJ",1049.3,670.1439999999999
"ASPIRIN 75MG",1025.6160000000002,1144.448
"METHYLPREDNISOLONE 125MG INJ",1024.816,984.794
"MANNITOL 100ML IVF",1023.7040000000001,653.9520000000001
"MAGNESIUM OXIDE 400MG TAB",1003,795.4400000000003
"PEGFILGRASTIM 6MG",993.6,421.92
"CARVEDILOL 3.125MG",967,973.954
"MYCOPHENOLATE MOFETIL 250MG CAP",961.86,815.18
"MAGNESIUM SULPHATE 15GM PASTE",956,570.296
"LORAZEPAM 1MG",931.0640000000002,771.3479999999998
"PRAZOSIN 5MG",923.1600000000001,786.5279999999999
"MULTIVITAMIN + MULTIMINERAL + GRAPE SEED EXTRACT TAB",915,848.6099999999999
"CLINDAMYCIN 600MG",902.8620000000001,282.84999999999997
"POTASSIUM CHLORIDE 0.5GM/5ML",900.552,859.194
"TICAGRELOR 90MG",898,876.51
"GEMCITABINE INJ 1.4GM",894.4,402.56
"ROSUVASTATIN 10MG TAB",888,762.196
"GLYCERYL TRINITRATE 25MG/5ML",846,565.83
"FENTANYL 25MCG/HR",840,609.6
"DOBUTAMINE 250MG INJ",839.4000000000001,263.37600000000003
"SODIUM CHLORIDE 2.6GM + POTASSIUM CHLORIDE 1.5GM + SODIUM CITRATE 2.9GM + DEXTROSE ANHYDROUS 13.5GM POWDER",839.19,557.312
"ALPRAZOLAM 0.5MG",814.8119999999999,891.9680000000001
"CALCIUM PANTOTHENATE 50MG + CYANOCOBALAMIN 15MCG + NIACINAMIDE 45MG + PYRIDOXINE 3MG + RIBOFLAVINE 10MG + THIAMINE MONONITRATE 10MG",798.042,736.7259999999999
"RIFAXIMIN 400MG TAB",795.0000000000001,674.328
"AMLODIPINE 5MG",785.9400000000002,754.188
"AMOXYCILLIN 500MG + CLAVULANIC ACID 100MG",782.73,421.032
"MECOBALAMIN 1000MCG + NIACINAMIDE 100MG+ PYRIDOXINE 100MG + THIAMINE 100MG + RIBOFLAVIN 5MG + PANTHENOL 5MG INJ",777.7519999999998,644.6640000000001
"APREPITANT 125MG/80MG",777.5999999999999,355.20000000000005
"MAGNESIUM SULPHATE 1.6GM + POTASSIUM SULPHATE 3.13G + SODIUM SULPHATE 17.5GM 177ML SOLUTION",775.6,511.13
"METHYL PREDNISOLONE 500MG INJ",775.2,627.2940000000001
"LINEZOLID 600MG INFUSION",766.104,227.072
"LACTITOL MONOHYDRATE 66.67%W/V 200ML SYP",764.8000000000001,581.614
"DEXTROSE 5%W/V + SODIUM CHLORIDE 0.45%W/V 500ML IV FLUID",761.552,359.296
"THYROXINE SODIUM 25MCG TAB",757.106,666.748
"EVEROLIMUS 0.5MG",745.4,600.004
"ATORVASTATIN 80MG",742.652,619.172
"MORPHINE SULPHATE 10MG TAB",742.07,290.08000000000004
"FORMOTEROL 20MCG + BUDESONIDE 1MG",729.8860000000001,248.14800000000002
"ALPRAZOLAM 0.25MG",726.8059999999999,765.4320000000001
"DOXORUBICIN 50MG INJ",724.6320000000001,422.40000000000003
"HYOSCINE BUTYLBROMIDE 20MG INJ",720.11,356.16799999999995
"LUBRICATING JELLY 20GM",719.3999999999999,647.8720000000002
"VITAMIN B1 + B6 + B9 + MINERALS TAB",702.3999999999999,819.2139999999997
"PARACETAMOL 500MG TAB",645.6220000000001,630.216
"FLUCONAZOLE 100ML INJ",638.88,521.952
"ROSUVASTATIN 40MG TAB",626,516.944
"PARACETAMOL 80MG SUPPOSITORY",618.294,255.984
"CALCIUM FOLINATE 15MG",612.288,318.65
"AMOXYCILLIN 250MG + CLAVULANIC ACID 50MG",612.26,351.668
"SILDENAFIL 25MG",606.0399999999998,530.426
"N-BUTYL-2-CYANOACRYLATE 1ML INJ",604.196,402.88
"N-ACETYLCYSTEINE 600MG TAB",604,606.016
"CALCIUM FOLINATE 50MG",600,849.5360000000001
"BUPIVACAINE 5MG",591.5,576.7840000000001
"SODIUM ACID PHOSPHATE 1.936GM POWDER",583.6999999999999,331.84400000000005
"AMIODARONE 150MG INJ",582.9000000000001,365.594
"L-5-METHYLTETRAHYDROFOLATE  CALCIUM 2.8MG + PYRIDOXAL 5-PHOSPHATE 25MG + MECOBALAMIN 2MG TAB",582.6,510.992
"TAMSULOSIN 0.4MG + DUTASTERIDE 0.5MG TAB",580.592,493.11400000000003
"ZINC OXIDE + CALENDULA + ALOE + JOJOBA OIL 100ML CREAM",576,759.9959999999999
"CLOPIDOGREL 75MG",575.6859999999999,525.0120000000001
"NUTRITION FOR HEPATIC PATIENTS 400GM POWDER",573.2,626.846
"FOSPHENYTOIN 150MG",568.94,142.906
"POLYANTIBIOTIC RESISTANT BACILLUS CLAUSII 2BILLION SPORES",567.352,258.554
"URSODEOXYCHOLIC ACID 150MG TAB",562.4060000000001,466.106
"DICLOFENAC 100MG SUPPOSITORY",557.4399999999999,487.93799999999993
"GLIMEPRIDE 2MG",557.04,572.736
"SODIUM CHLORIDE 0.65%",556.1999999999999,525.528
"PACLITAXEL 100MG",541.2,352.06399999999996
"HEXAMETHYLDISILOXANE, ISOOCTANE, ACRYLATE TERPOLYMER, POLYPHENYMETHYLSILOXANE 28ML SPRAY",538.6,427.2
"MULTIVITAMIN + MINERALS + TRACE ELEMENTS IVF",538,438.272
"PHENOBARBITONE 200MG",536.61,125.30000000000001
"KETAMINE HCL 100MG INJ",534.488,531.2139999999999
"ENTECAVIR 0.5MG",533.02,240
"NIFEDIPINE 10MG CAP",522.5360000000001,361.958
"CEFOPERAZONE 1GM + SULBACTAM 1GM INJ",516.46,421.376
"BENZYL NICOTINATE 2MG + HEPARIN 50IU",515.21,448.014
"LABETALOL 20MG INJ",514.84,234.464
"ACEBROPHYLLINE 200MG TAB",512,523.866
"HYDROGEN PEROXIDE 100ML SOLUTION",511.5999999999999,432.45
"TELMISARTAN 40MG TAB",506.52000000000004,591.4879999999999
"BISACODYL 5MG",503.738,463.60999999999996
"L-ARGININE 5GM POWDER",498,118.4
"PARACETAMOL 170MG SUPPOSITIRY",497.616,214.51600000000002
"DAPAGLIFLOZIN 10MG TAB",496,530.624
"AMIKACIN 500MG",494.4,269.77
"NIMODIPINE 10MG TAB",494.4,398.432
"HIGH PROTEIN SUPPLEMENT POWDER",488,422.72
"TRIHEXIPHENIDYL 2MG",483.22200000000004,122.65799999999999
"DOXORUBICIN 10MG INJ",481.84800000000007,208.128
"CARBOPLATIN 150MG",477.016,293.12
"RECOMBINAT HUMAN EPIDERMAL GROUTH FACTOR 150MCG GEL",475.4,388.32
"URSODEOXYCHOLIC ACID SUSP",472,406.47800000000007
"FLUCONAZOLE 150MG TAB",470.66800000000006,302.77799999999996
"MYCOPHENOLATE MOFETIL HYDROCHLORIDE 360 MG TAB",459.2,250
"SODIUM BICARBONATE 500MG",456.26000000000005,423.96600000000007
"VINCRISTINE 1MG INJ",455.904,279.38
"HALOPERIDOL 5MG/1ML INJ",454.2339999999999,371.932
"FLUCONAZOLE 50MG TAB",452.90999999999997,416.21000000000004
"FLUOROURACIL 1%",450.88,199.272
"CEFAZOLIN 250MG",450,83.546
"MOXIFLOXACIN 400MG/100ML IV FLUID",448.758,250.496
"PACLITAXEL 260MG",448.4,228.16
"CLONAZEPAM 0.5MG",447.73000000000013,445.89599999999996
"IVABRADINE 5MG TAB",444.3,689.5500000000001
"RACECADOTRIL 100MG CAP",442.6,266.078
"BACLOFEN 10MG  TAB",440.70000000000005,634.4680000000001
"NINTEDANIB 150MG CAP",440,356.484
"PREGABALIN 75MG",433.64,362.912
"SUCRALFATE 500MG + OXETACAINE 10MG/5ML",433.4,433.144
"INSULIN ASPART  INJ",429.272,368.776
"INSULIN DEGLUDEC 100IU/ML INJ",428.4,366.256
"LANSOPRAZOLE 15MG TAB",417.444,431.38800000000003
"DOCETAXEL 80MG INJ",413.1,184.704
"BACILLUS CALMETTE-GUERIN INJ",411.7120000000001,444.856
"TELMISARTAN 40MG + HYDROCHLOROTHIAZIDE 12.5MG TAB",410.40000000000003,348.446
"AMLODIPINE 2.5MG",410.184,317.46
"TAMSULOSIN 0.4MG CAP",409.58799999999997,344.212
"SPIRONOLACTONE 50 MG + FUROSEMIDE 20 MG",405.7440000000001,482.2339999999999
"SUCCINYL CHOLINE CHLORIDE 50MG/ML",402.12,386.78
"LEVOCETIRIZINE 5MG+MONTELUKAST 10MG TAB",397,350.65799999999996
"CEFUROXIME 500MG TAB",395.85,439.85400000000004
"METOPROLOL 5ML INJ",395.54999999999995,477.04999999999995
"INSULIN ASPART 100 IU INJ",389.76,340.2
"OSELTAMIVIR 12MG/ML",385.992,294.356
"THYROXINE SODIUM 75MCG TAB",385.824,338.43
PIRACETAM,384.52,332.214
"BORTEZOMIB 2MG",382.6,314.08
"PREDNISOLONE 20 MG",381.208,371.972
"ACECLOFENAC 100MG + PARACETAMOL 325MG + SERRATIOPEPTIDASE 15MG TAB",375.53999999999996,341.66400000000004
"METFORMIN 500MG TAB",374.08599999999996,405.228
"STREPTOCOCCUS FAECALIS 30MILLION + CLOSTRIDIUM BUTYRICUM 2MILLION + BACILLUS MESENTERICUS 1MILLION + LACTIC ACID BACILLUS 50MILLION",367.38800000000003,154.262
"TRYPSIN CHYMOTRYPSIN TAB",366.76000000000005,312.104
"GLYCOPYRROLATE 0.5 MG+NEOSTIGMINE 2.5 MG",362.88,268.544
"METHOTREXATE 15MG INJ",361,204.10000000000002
"DOXYCYCLINE 100MG + LACTOBACILLUS 5 BILLION SPORES CAP",358.1,292.188
"AMPICILLIN 250MG INJ",356.71999999999997,182.84999999999997
"PREDNISOLONE 10 MG",355.94,350.186
"ITOPRIDE 50MG TAB",352.18000000000006,307.578
"SALBUTAMOL 100MCG",351.714,319.548
"INSULIN LISPRO INJ",347,297.89
"LINAGLIPTIN 5MG TAB",346.6,304.288
"OSELTAMIVIR 75 MG",344.264,293.652
OXALIPLATIN??100MG,342.1,178.6
"BLEOMYCIN 15IU INJ",341.32,241.18
"HEPATITIS B VACCINE 10MCG INJ",337.40200000000004,327.87800000000004
"POLYETHYLENE GLYCOL 13.125GM + POTASSIUM CHLORIDE 46.6MG + SODIUM BICARBONATE 178.5MG + SODIUM CHLORIDE 350.7MG POWDER",322.2,268.00600000000003
"PREDNISOLONE 5MG/5ML",321.69,357.464
"NICORANDIL 2MG INJ",318.08,207.24
"LEVOCETIRIZINE 5MG",312.65599999999995,286.726
"THYROXINE SODIUM 50MCG TAB",312.48,283.582
"PAPAVERINE 30MG/ML",310.10400000000004,264.082
"CIPROFLOXACIN 200MG",306.502,100.226
"INSULIN ASPART 1.05MG + INSULIN DEGLUDEC 2.56MG INJ",304,261.76
"DEXAMETHASONE 4MG TAB",303.99999999999994,297.038
"HUMAN NORMAL IMMUNOGLOBULIN 16.5% 2ML INJ",302.8,250.24
"VANCOMYCIN 500MG INJ",298.20000000000005,122.84
"IRINOTECAN 100MG INJ",297.464,254.178
"ASPIRIN 325MG",297.402,294.82
"CYCLOSPORIN 100MG",294.76800000000003,286.276
"CILNIDIPINE 10MG",294.53200000000004,331.58
"ASPIRIN 150MG",292.68600000000004,250.93999999999997
"NICORANDIL 5MG TAB",292.23,251.68400000000003
"POLYETHYLENE GLYCOL POWDER",288.40000000000003,187.496
"DOMPERIDONE 30ML SYRUP",284.036,273.92999999999995
"VANCOMYCIN 1GM INJ",278.8,131.66
"LIGNOCAINE 21.3MG + ADRENALINE 0.005MG",277.78,271.824
"LACOSAMIDE 20ML INJ",275.28,172.224
"MULTIVITAMIN WITH ZINC AND CURCUMA LONGA EXTRACT TAB",273,254.36
"FAT EMULSION 20% 100ML IV FLUID",267.6,230.08
"POVIDONE IODINE 2%W/V",267,237.6
"ASPARAGUS RACEMOSUS 200MG + WITHANIA SOMNIFERA 100MG + TRIGONELLA FOENUM GRAECEUM 50MG + GLYCYRRHIZA GLABRA 50MG + ALLIUM SATIVUM 20MG",264.6,230.66200000000003
"POLIO VACCINE",260.47799999999995,308.438
"BROMHEXINE 2 MG+GUAIFENESIN 50 MG+MENTHOL 0.5 MG+TERBUTALINE 1.25 MG /5ML",260.2,231.62600000000003
"SACUBITRIL24MG+VALSARTAN 26MG",260.1,216.08
"SACUBITRIL 24MG + VALSARTAN 26MG",259.3,208.424
"MEGESTROL ACETATE 160MG TAB",259.092,215.274
"AZITHROMYCIN 500MG TAB",258.17199999999997,234.80200000000002
"AMPICILLIN 500MG INJ",257.636,281.12399999999997
"VITAMIN C 5 ML INJ",256.2,46.048
"THIAMINE 100MG",254.4,212.258
"ETOPOSIDE  100 MG/5ML",253.746,117.28
"ADENOSINE 6MG/2ML INJ",251.4,396.192
TOCOTRIENOL,250,213.28199999999998
"PARACETAMOL 1000MG TAB",249.64,279.974
"MISOPROSTOL 25MCG TAB",248.33799999999997,299.59200000000004
"MULTIVITAMINS AND MULTIMINERALS TAB",247.88000000000002,232.552
"AMOXYCILLIN 500MG + CLAVULANIC ACID 125MG",245.368,212.63
"NIFEDIPINE 10MG TAB",241.74,232.518
"DICLOFENAC DIETHYLAMINE + LINSEED OIL + METHYL SALICYLATE + MENTHOL 60GM SPRAY",241.2,205.322
"PAPAIN 521700IU + UREA 100MG",240,204.36
"ZINC OXIDE  30GM CREAM",236.8,149.248
"ATORVASTATIN 10MG",235.89,217.29999999999998
"FENTANYL 50MCG/HR",232,360
"METOPROLOL 25MG TAB",230.548,269.626
"ASPARAGUS RACEMOSUS 10GM POWDER",229.5,421.522
"DROTAVERIN 20MG INJ",228.35999999999999,226.048
"TORASEMIDE 10MG",227.274,203.37800000000001
"CYCLOPHOSPHAMIDE 500MG",227.2,172.358
"CEFOTAXIME 500MG",223,180.822
"PROPOFOL 2% 50ML INJ",220.6,281.6
"BOVINE COLOSTRUM 25GM POWDER",220,128.736
"ORAL REHYDRATION SALTS POWDER",219.43,51.34
"CEFOTAXIME 250MG",217.47,93.49799999999999
"LEVOSALBUTAMOL 50MCG + IPRATROPIUM BROMIDE 20MCG INHALER",216.452,568.056
"PRUCALOPRIDE 2MG",216.45,186.378
"INSULIN GLULISINE 100 IU/ML 3ML INJ",216.072,181.986
"LEVETIRACETAM 500MG TAB",213.61,191.57
"FUROSEMIDE 40MG",212.60000000000002,170.498
"ZINC ACETATE 197.86+ELEMENTAL ZINC 50MG TAB",212.07999999999998,161.206
"VILDAGLIPTIN 50MG TAB",211,271.96000000000004
"DICLOFENAC DIETHYLAMINE 1.16% W/W + METHYL SALICYLATE 10% W/W + MENTHOL 5% W/W + LINESEED OIL 3% W/W 40GM SPRAY",209.39999999999998,184.846
"LEVOFLOXACIN 750MG TAB",209.064,155.918
"QUETIAPINE 25MG TAB",207.4,196.67200000000003
"ASPIRIN 75MG + ATORVASTATIN 10MG",204.128,196.602
"TRIMETAZIDINE 35MG",203.776,183.882
"CITICOLINE 500MG + PIRACETAM 800MG",203.2,164.034
"MONTELUKAST 10MG + LEVOCETIRIZINE 5MG TAB",202.344,133.96
"CLONAZEPAM 0.25MG",202.094,121.654
"MONTELUKAST 10MG+ FEXOFENADINE 120MG TAB",201.384,173.224
"AMANTADINE 100MG",201.24200000000002,175.704
"GABAPENTIN 300MG + NORTRYPTILINE 10MG TAB",195.8,170.72199999999998
"INSULIN ASPART 30% , INSULIN ASPART PROTAMINE 70% 30IU INJ",194.88,164.856
"CALCITRIOL 0.25MG",193.612,161.8
"RANITIDINE 150MG TAB",192.61,229.384
"GLIMEPRIDE 1MG",192.48,176.44
"LIGNOCAINE HYDROCHLORIDE 4% 30ML INJ",191.44,233.39999999999998
"DYDROGESTERONE 10MG TAB",190.876,149.728
"CALCIUM 500MG + VITAMIN D3 500IU",190.42000000000002,173.88
"LIDOCAINE 2.5% + PRILOCAINE 2.5% CREAM",190.2,171.744
"CHOLINE SALICYLATE 9% W/V",185.8,172.64
"SPIRONOLACTONE 25MG",185.56,179.632
"L-ORNITHINE + L-ASPARATE 5GM POWDER",185,236.598
"MECOBALAMIN 1500MCG+BENFOTIAMINE 200MCG+FOLICACID 1.5MG+CHROMIUM POLYNICOTINATE 200MCG+MYO-INOSITOL 100MG+PYRIODOXINE HYDROCHLORIDE 3MG TAB",182.8,162.24
"KETOROLAC 30MG INJ",182.01999999999998,177.244
"TACROLIMUS 0.5MG CAP",180,121.838
"ALLOPURINOL 100MG",177.464,173.376
"ETOMIDATE 2MG/ML",176.84,104.96
"BENZYDAMINE 0.15%W/V",176,231.80800000000002
"LIQ PARAFFIN 1.25ML + MILK OF MAGNESIA 3.75ML + SODIUM PICOSULPHATE 3.33MG SYP",172.848,154.28
"METHYLERGOMETRINE 0.2MG/ML INJ",172.624,90.214
"PANCREATIN 150MG",171.7,126.218
"COENZYME Q10 + OMEGA 3 FATTY ACID 300MG + VITAMIN E 100MG",170.2,138.952
"LEVO-CARNITINE 500MG/5ML SYP",169.66,158.89999999999998
"ATORVASTATIN 20MG",169.408,151.528
"DICLOFENAC 12.5MG SUPPOSITORY",167.92,46.092
"ACYCLOVIR 200MG TAB",167.26,206.156
"LIDOCAINE 100MG/ML SPRAY",166.2,140.8
"PREDNISOLONE 5MG",165.284,164.236
"FEBUXOSTAT 40MG",164.892,146.34
"GLICLAZIDE 80MG + METFORMIN 500MG",164.6,138.20600000000002
"ESCITALOPRAM 5MG",164.096,203.904
"CYCLOPHOSPHAMIDE INJ 200MG",163.74,74.65
"ACYCLOVIR 400MG TAB",162.95,152.584
"CLONIDINE 100MCG",162.27,152.346
"FEXOFENADINE 120MG",161.384,142.178
"ACECLOFENAC 100MG + PARACETAMOL 325MG TAB",160.76,151.30200000000002
"HYDROXYETHYL STARCH 6% + SODIUM CHLORIDE 0.9% 500ML IV FLUID",160.758,116.16
"DICLOFENAC DIETHYLAMINE 1.16% + METHYL SALICYLATE 10% W/W + MENTHOL 5% W/W+ LINESEED OIL 3% W/W 15GM GEL",159,148.416
"PANCREATIN 300MG",158,129.68
"XYLOMETAZOLINE 10ML DROPS",157.00799999999998,149.192
"RIFAXIMIN 200MG TAB",155.4,137.906
"DEXMEDETOMIDINE 100MCG/ML 1ML INJ",153.8,142.72
"AMOXYCILLIN 875MG + CLAVULANIC ACID 125MG",149.36,127.488
"AMIKACIN 250MG",149.22,134.60999999999999
"APIXABAN TAB 5MG",148.6,130.504
"URSODEOXYCHOLIC ACID 450MG TAB",148.294,104.44
"CALCIUM ACETATE 667MG",147.60000000000002,141.714
"PARACETAMOL 250MG / 5ML SYP",145.804,227.84799999999998
"CIPROFLOXACIN 500MG",145.45600000000002,139.7
"FORTIFIED BABY CEREAL POWDER",143.4,138.164
"INSULIN ISOPHANE 70% + HUMAN INSULIN 30% INJ",143.368,132.166
"CITICOLINE 500MG",143.2,154.944
"INSULIN ISOPHANE 40IU 10ML INJ",143.19799999999998,130.698
"AMOXYCILLIN 400MG/5ML + CLAVULANIC ACID 57MG/5ML",142.92,129.33
"EMPAGLIFLOZIN 10MG",142.6,122.736
"ACEBROPHYLLINE 100MG CAP",142.04000000000002,127.388
"LEVODOPA 100MG + CARBIDOPA 25MG TAB",141.512,136.522
"CLOBAZAM 10MG",140.848,128.68
"FLUDROCORTISONE 100MCG",140.832,92.684
"DEXTROSE 5% 500ML IVF",140.55,94.78399999999999
"GLICLAZIDE 60MG",139.92000000000002,199.328
"BENZOIN COMPOUND TINCTURE",139.8,136.968
"AQUA,CETEARYL ALCHOL,GLYCERIN.SORRBITOL,PARAFFINUM",138.2,121.834
"ETODOLAC 400MG",137.92,124.24600000000001
"CYCLOSPORIN 25MG",137.55200000000002,134
"OMEPRAZOLE 20MG + TINIDAZOLE 500MG + AMOXYCILLIN 750MG",134,121.472
"TELMISARTAN 40MG + AMLODIPINE 5MG TAB",134,112.19
"METRONIDAZOLE 400MG TAB",133.81799999999998,131.26600000000002
"DICLOFENAC DIETHYLAMINE 1.16% + METHYL SALICYLATE 10% W/W + MENTHOL 5% W/W+ LINESEED OIL 3% W/W 30GM GEL",132,116.612
"POLYETHYLENE GLYCOL 118GM+ POTASSIUM CHLORIDE 1.484GM+ SODIUM BICARBONATE 3.37GM",131.8,109.77
"CABERGOLINE 0.5MG",131.8,109.77
"DICLOFENAC 0.1% PATCH",131.7,119.708
"CHLORDIAZEPOXIDE 10MG",131.624,121.298
"GUAIFENESIN 50MG + TERBUTALINE SULPHATE 1.25MG + BROMHEXINE 4MG",131.304,117.432
"RANITIDINE 75MG/5ML SYP",131.072,119.006
"MECOBALAMIN 1000 MCG + NIACINAMIDE 100MG + PYRIDOXINE 100MG INJ",129.14,111.448
"TELMISARTAN 20MG TAB",129.072,117.684
"BECLOMETHASONE 0.025% W/W + PHENYLEPHRINE 0.10% W/W + LIGNOCAINE 2.50% W/W CREAM",128.8,118.25800000000001
"METOCLOPROMIDE 10MG TAB",128.142,126.314
"PREDNISOLONE 5 MG",127.792,168.88
"MAGNESIUM SULPHATE POWDER",127.5,44.032
"AZITHROMYCIN 250MG TAB",127.396,114.124
"DEXTROMETHORPHAN HYDROBROMIDE 100ML SYP",127.2,115.044
"GELATIN 4G + SODIUM CHLORIDE 0.7G + SODIUM HYDROXIDE 0.136G/100 ML",126.8,109.44
"POVIDONE IODINE 10%W/W",126.768,170.91
"ATORVASTATIN 5MG",125.94999999999999,114.19200000000001
"ZOLPIDEM 10MG TAB",125.886,124.7
"SILVER NITRATE 0.2%",125.4,114.638
"ETOPHYLLINE 84.7MG + THEOPHYLLINE 25.3MG",124.91399999999999,125.07400000000001
"IRINOTECAN 40MG INJ",124.228,107.382
"ZOLPIDEM 5MG TAB",124.008,123.096
"PRAZOSIN 2.5MG",123.046,106.422
"FLAVOXATE 200MG",123.036,103.772
"LINEZOLID 600MG TAB",122.184,86.292
"LEVETIRACETAM 100MG/ML SYP",121.79,105.432
"LORAZEPAM 2MG",121.662,121.36800000000001
"AMITRPTYLINE 10MG",121.536,121.19
"SAROGLITAZAR 4MG",120.43,101.128
"MOSTURIZING CREAM 75GM CREAM",119.7,101.208
"DEXTROMETHORPHAN HYDROBROMIDE 5MG TAB",119.6,110.412
"AMBROXOL 30MG/5ML",119.44999999999999,111.11000000000001
"MESALAZINE  60ML SOLUTION",119.4,70.262
"BUDESONIDE 100MCG",119.296,100.898
"BUPIVACAINE 0.5%",118.32,108.048
"TADALAFIL 20MG TAB",118.2,102.56
"OXYMETAZOLINE HCL",116.96000000000001,109.94
"SHATAVARI ROOTS 15GM + VIDARIKAND TUBER 1GM + SOWA SEED 1GM + GOKSHUR PANCHANG FRUITS 2.5GM + YASHTIMADHU ROOTS 1GM + JEERA SAFED SEED 1GM + AHIV SEED 1GM/100GM POWDER",116.7,101.36
"DIMETHICONE 20 %W/W + CALAMINE 1.5 %W/W + ZINC OXIDE 7.5 %W/W + CETRIMIDE 1.125 %W/W 20G OINT",116.6,108.548
"CHOLINE SALICYLATE 8.7%W/W + LIGNOCAINE 2%W/W 15GM",116.1,107.724
"AMLODIPINE 10MG",114.136,106.764
"RAMIPRIL 2.5MG TAB",113.512,106.808
"CHOLECALCIFEROL/VIT D3 400IU",113.26400000000001,106.612
"GLIMEPRIDE 2MG + METFORMIN 500MG",112.668,95.228
"HYDROXYZINE HCL 25MG TAB",112.65,155.33800000000002
"FERROUS FUMARATE 50MG + FOLIC ACID 1500MCG",110.44,103.268
"SERTACONAZOLE 2%W/V + ZINC PYRITHIONE 1%W/V",110,96
"TROPCAMIDE 0.8% W/V + PHEYNLEPHERINE HCL 5% W/V",109.4,102.696
"LEVO-CARNITINE 500MG TAB",107.09,91.526
"FUNGAL DIASTASE + PAPAIN + ACTIVATED CHARCOAL",106.97,100.6
"CHOLESTYRAMINE 5GM POWDER",106.92,60.462
"AMOXYCILLIN 200MG + CLAVULANIC ACID 28.5MG",106.88,100.644
"BACITRACIN 400IU + NEOMYCIN 3400IU + POLYMYXIN B 5000IU + HYDROCORTISONE 10MG OINT",106,59.966
"VILDAGLIPTIN 50MG + METFORMIN 500MG TAB 50/500MG",105.7,275.052
"TORASEMIDE 5MG",103.716,98.594
"NIFEDIPINE 20MG TAB",103.312,97.72
"BISOPROLOL FUMARATE 1.25MG",103.188,147.548
"SACCHAROMYCES BOULARDII POWDER",102.8,55.748
"VALACYCLOVIR 1GM TAB",102.7,79.902
"METHIMAZOLE 10MG TAB",102,87.616
"MELATONIN 3MG TAB",100.52,95.99000000000001
"DINOPROSTONE 0.5MG GEL",100.486,90.81
"TRAMADOL 50MG",100.248,144.3
"SYMRELIEF + ANASENSYL + SYMCALMIN + NAB BUTTERBUR EXTRACT + ALOE VERA + OAT EXTRACT",100,86.08
"RABEPRAZOLE 20 MG+DOMPERIDONE 30 MG CAP",99.7,82.984
"THIAMINE 2MG + RIBOFLAVINE 2.5MG + PYRIDOXINE 0.75MG + NICOTINAMIDE 15MG + D-PACITHENOL 3MG + CYANOCOBALAMIN 2MCG",99.324,95.45599999999999
"BETAHISTINE 16MG",99.154,87.322
"MONTELUKAST 10MG TAB",97.896,84.464
"MOXIFLOXACIN 400MG TAB",96.896,85.516
"TROPICAMIDE 1%W/V",96.776,140.13600000000002
CETIRIZINE,96.666,92.868
"GLYCERYL TRINITRATE 2.6MG",96.4,82.864
"CAFFEINE 20MG/ML",95.772,84.618
"ALPHA LIPOIC ACID 200MG + CHROMIUM PICOLINATE 200MCG+ FOLIC ACID 1.5MG + INOSITOL 100MG + MECOBALAMIN 1500MCG + SELENOMETHIONINE 55MCG + ZINC MONOMETHIONINE 25MG",95.4,82.106
"BUPRENORPHINE 0.3MG",94.44,91.334
"PARACETAMOL 125MG / 5ML SYP",94.248,134.28199999999998
"UROMITEXAN 200MG INJ",94.12,48.82
"SODIUM VALPROATE 500MG",93.92,48.96
"METOLAZONE 5MG TAB",93.5,82.8
"RIFABUTIN 150MG CAP",93.43,80.606
"LEVOCETRIZINE 5MG + MONTELUKAST 10MG TAB",93.4,81.01
"NICOUMALONE 1MG TAB",92.948,80.664
"GABAPENTIN 100MG + NORTRYPTILINE 10MG TAB",92,72.144
"ISOXSUPRINE 5MG/ML",91.976,89.34
"LEVODOPA 100MG + CARBIDOPA 10MG TAB",91.54,88.81800000000001
"VITAMIN A 25000 IU CAP",90.8,89.72
"PYRIDOXINE HCL 40MG",90.16,87.924
"ETORICOXIB 60MG + THIOCOLCHICOSIDE 4MG",90,78.4
"SULPHAMETHOXAZOLE 200MG + TRIMETHOPRIM 40MG",89.944,87.94
"LIQUID PARAFFIN 1.25ML + MAGNESIUM HYDROXIDE + SODIUM PICOSULPHAT 3.33MG/5ML",89.4,77.938
"LIQUID PARAFFIN + MAGNESIUM HYDROXIDE + SODIUM PICOSULFATE",89.224,79.38
"VITAMIN C 500MG TAB",89.22,87.22800000000001
"POLYETHYLENE GLYCOL 13.125 GM + POTASSIUM CHLORIDE 46.6MG + SODIUM BICARBONATE 178.5MG + SODIUM CHLORIDE 350.7MG",89,89
"CLINDAMYCIN 300MG",88.528,81.836
"PROPRANOLOL 10MG",88.164,86.53200000000001
"FENTANYL 12.5MCG/HR",86.2,78.528
"ESCITALOPRAM 10MG+ CLONAZEPAM 0.5MG",86.12,84.652
"IRON SUCROSE 100MG INJ",86.1,59.04
"LACTULOSE 200ML SYP",86.024,150.696
"TAPENTADOL 50MG TAB",86,87.062
"THYROXINE SODIUM 125MCG TAB",85.632,145.814
"DIGOXIN 0.25MG TAB",85.34,84.108
"CEFUROXIME 750MG INJ",85.22,47.84
"RACECADOTRIL 10GM POWDER",84.5,43.598
"GLIMEPRIDE 1MG + METFORMIN 500MG",84.156,73.912
"ESCITALOPRAM 5MG + CLONAZEPAM 0.5MG",84.12,83.292
"LACOSAMIDE 100MG TAB",84.1,73.868
"ESCITALOPRAM 10MG",84.028,83.06
"METHYLENE BLUE 10ML INJ",84,75.526
"ESOMEPRAZOLE  + DOMPERIDONE",83.4,73.332
"ISOSORBIDE DINITRATE 5MG",83.36,82.58
"AZITHROMYCIN 500MG INJ",83.168,74.35
"ETOPHYLLINE 77MG + THEOPHYLLINE 23MG",81.88,81.616
"VOGLIBOSE 0.3MG TAB",81,72.8
"VINBLASTINE 10MG INJ",80.44,74.65
"CINNARIZINE 25MG",79.8,71.84
"PROGESTERONE 8%",79.6,72.614
"TENELIGLIPTIN 20MG TAB",79.6,71.68
"FERRIC CITRATE 210MG",79.6,71.68
"CARBOXYMETHYL CELLULOSE 15ML",79.552,222.29399999999998
"OMEGA 3 FATTY ACIDS + EXTRACTS OF GREEN TEA + GINKGO + GINSENG + GRAPE SEED + ANTIOXIDANTS + VITAMINS + MINERALS + TRACE ELEMENTS",79.2,71.36
"GLIMEPRIDE 2MG + METFORMIN 500MG + VOGLIBOSE 0.2MG TAB",78.4,69.49
"LEVOFLOXACIN 500MG INJ",78.4,55.344
"SPIRONOLACTONE 100MG",78.38,70.704
"RIVASTIGMINE 3MG TAB",78,70.4
"MONTELUKAST+DESLORTIDINE TAB",77.6,70.08
"MODAFINIL 100MG TAB",77.2,68.274
"SEVELAMER 800MG",77,68.414
"PANTOPRAZOLE 40MG + CLARITHROMYCIN 500MG +  AMOXICILLIN 750MG TAB",76.8,69.44
"MENANDIONE 10MG TAB",76.108,137.168
"DICLOFENAC+TRYPSIN TAB",76.04,67.678
"ISOSORBIDE MONONITRATE 30MG",74.86,65.136
"LANSOPRAZOLE 30MG TAB",74.842,66.482
"ISOSORBIDE DINITRATE 20MG + HYDRALAZINE 37.5MG",74.68,67.744
"FERROUS ASCORBATE 100MG + FOLIC ACID 1.1MG",74.48,66.48
"ALPHA LIPOIC ACID 100MG + FOLIC ACID 1.5MG + METHYLCOBALAMIN 1500MCG + PYRIDOXINE 3MG",74.462,66.468
"CEFPODOXIME PROXETIL 200MG",74.4,67.52
"ISOXSUPRINE 10MG",73.232,66.692
"CALCIUM 125 MG + PHOSPHORUS 55MG + VITAMIN D3 200IU / 5ML",72.78,60.76
"ORCIPRENALINE 10MG",72.67,65.09
"FERROUS AMMONIUM CITRATE 160MG + FOLIC ACID 0.5MG + CYANOCOBALAMIN 7.5MCG + CUPRIC SULFATE 30MCG + MANGANESE SULPHATE 30MCG",72.64,60.67
"MULTIVITAMIN + MULTIMINERAL + ANTIOXIDANTS + METHYLCOBALAMIN 200ML SYRUP",72,65.598
"L-GLUTAMIC ACID 10GM + ELEMENTAL ZINC 3.3MG + ELEMENTAL SELENIUM 40MCG POWDER",71.8,61.972
"ESOMEPRAZOLE 20MG + DOMPERIDONE 30MG",71.6,65.28
"DILTIAZEM 90MG TAB",71.23,63.986
"ROSUVASTATIN 5MG TAB",71,63.804
"LANOLIN 20G CREAM",71,63.592
"SODIUM FUSIDATE 20MG",70.702,129.174
"POTASSIUM CITRATE + MAGNESIUM CITRATE",70.6,64.48
"RANOLAZINE 500MG TAB",70.6,63.502
"NEBIVOLOL 2.5MG TAB",69.93,62.748
"SODIUM ALGINATE + SODIUM BICARBONATE + CALCIUM CARBONATE",69.52,64.602
"HYDROXYUREA 500MG TAB",69.48,62.008
"MULTIVITAMIN + MINERALS 200ML SYP",69,62.038
"PENICILLAMINE 250MG",68.85,63.874
"PARADICHLOROBENZENE 2 %W/V + BENZOCAINE 2.7 %W/V + CHLORBUTOL 5%W/V + TURPENTINE OIL 15%W/V",68.8,62.12
"ESCITALOPRAM 20MG",68.724,42.296
"GUAIFENESIN 50MG + TERBUTALINE SULPHATE 1.25MG + BROMHEXINE 4MG + MENTHOL 2.5MG",68.5,60.214
"HUMAN PLACENTA EXTRACT 20GM GEL",67.93,61.45
"DIOSMIN 500MG TAB",67.5,61.118
"CHOLECALCIFEROL 60000IU",66.378,61.104
"LACTIC ACID BACILLUS 120 MILLION TAB",66.18,60.944
"METOPROLOL 50MG + AMLODIPINE 5MG TAB",65,59.202
GLYCERINE,65,65.032
"CHLORPHENAMINE MALEATE 4MG/5ML + DEXTROMETHORPHAN HYDROBROMIDE 10MG/5ML",64.96,58.968
"FLUORESCEIN INJECTION USP 20%",64,60.16
"BACILLUS MESENTERICUS 1 MILLION CELLS + CLOSTRIDIUM BUTYRICUM 2 MILLION CELLS+LACTOBACILLUS SPOROGENES 50 MILLION CELLS + STREPTOCOCCUS THERMOPHILUS 30 MILLION CELLS /5ML INJ",63.8,58.088
"LOSARTAN 50MG",63.72,58.216
"AMBROXOL 30MG/5ML + GUAIFENESIN 50MG/5ML + LEVOSALBUTAMOL 1MG/5ML SYP",63.6,57.938
"MONTELUKAST  + LEVOCETIRIZINE 60ML SYRUP",63.122,58.498
"VALSARTAN 40MG TAB",62.87,58.296
"MEMANTINE HYDROCHLORIDE 5MG TAB",62.8,57.51
"ONDANSETRON 8MG",61.906,54.496
"TRICLOFOS 5MG/ ML",61.9,57.522
"ALFACALCIDOL 0.25MCG",61.8,57.44
"POLYVINYL ALCOHOL 14MG + POVIDONE 6MG + CHLORBUTOL 5MG/ML",61.708,57.366
"PANTOPRAZOLE 20MG TAB",60.6,56.48
"CLOPIDOGREL 75MG + ASPIRIN 150MG",60.22,56.176
"HYDROXYCHLOROQUINE SULPHATE 200MG TAB",59.956,55.962
"PROPRANOLOL 40MG",59.762,55.178
"ZINC ACETATE 20MG/5ML SYP",59.26,55.406
"TORASEMIDE 20MG + SPIRONOLACTONE 50MG",59.238,55.392
"ROPINIROLE 0.5MG TAB",59.2,55.36
"CLOBAZAM 5MG",59.152,54.708
"METHOTREXATE 50MG INJ",59,52.6
"CYTARABINE 100MG",58.426,54.7
"SERTRALINE 25MG",58.21,53.986
"LEVOFLOXACIN 500MG TAB",58.098,53.03
"VITAMIN B12 + FOLIC ACID + IRON HYDROCHLORIDE


VITAMIN B12 + FOLIC ACID + IRON HYDROCHLORIDE


VITAMIN B12 + FOLIC ACID + IRON HYDROCHLORIDE


VITAMIN B12 + FOLIC ACID + IRON HYDROCHLORIDE 15ML DROPS",58,53.682
"FOLIC ACID 1MG + PYDRIDOXINE HYDROCHLORIDE 10MG + CYANOCOBALAMIN 400MCG",57.8,53.67
"METHYL PREDNISOLONE 8MG TAB",57.352,53.512
"MIRTAZAPINE 7.5MG TAB",57,53.054
"DIHYDRALAZINE 25MG TAB",56.25,53
"PHOSPHOROUS 93MG + POTASSIUM 170MG/ML",56.2,52.506
"CALAMINE 8%W/V + DIPHENHYDRAMINE HYDROCHLORIDE 1%W/V",56.166,53.938
"GABAPENTIN 100MG",56,52.158
"QUETIAPINE 50MG TAB",56,52.158
"LACOSAMIDE 50MG TAB",55.8,52.134
"KETOROLAC 10MG TAB",55,52
"CYCLOPHOSPHAMIDE 200MG",54.58,51.664
"MERCAPTOPURINE 50MG TAB",54.5,52.176
"BISOPROLOL FUMARATE 2.5MG",54.198,51.356
"POTASSIUM CITRATE",53.8,51.04
"LOSARTAN 25MG",53.79,50.59
"ISOSORBIDE MONONITRATE 10MG",53.2,49.456
"LEVETIRACETAM 250MG TAB",53.122,100.05000000000001
"GLICLAZIDE 40MG",51.836,49.468
"BACLOFEN 5MG TAB",51.654,48.95
"GLIBENCLAMIDE 5MG +METFORMIN 500MG TAB",51.2,48.602
"ENALAPRIL 5MG",50.744,48.594
"METHYL PREDNISOLONE 4MG TAB",50.518,48.414
"MULTIVITAMIN + MINERALS + TRACE ELEMENTS TAB",50,47.124
"MEFENAMIC ACID 250MG+ DICYCLOMINE 10MG TAB",49.2,47.068
"ONDANSETRON 2MG/5ML",48.356,45.212
"DILTIAZEM 30MG TAB",48.05,46.182
"IBUPROFEN 100MG + PARACETAMOL 162.5MG SYP",47.502,46
"ISONIAZID 300MG + RIFAMPICIN 600MG TAB",47.29,45.832
"ASPRIN GASTRO-RESISTANT",47.152,45.768
"COLCHICINE 0.5MG",46.932,45.324
"PREDNISOLONE 40MG",46.304,45.296
"DOPAMINE 200MG INJ",45.8,42.718
"VALETHAMATE BROMIDE 8MG/ML INJ",45.8,43.494
"DOMPERIDONE 10MG TAB",45.38,44.13
"SULPHAMETHOXAZOLE 800MG + TRIMETHOPRIM 160MG",45.028,43.862
"SULPHAMETHOXAZOLE 800MG + TRIMETHOPRIM 160MG TAB",44.548,43.666
"RIFAMPICIN 450MG + ISONIAZID 300MG + ETHAMBUTOL 800MG + PYRAZINAMIDE 750MG TAB",44.51,43.466
"GLIPIZIDE 5MG + METFORMIN 500MG",43.704,42.964
"MIDAZOLAM 7.5MG INJ",43.218,42.788
"ISONIAZID 300MG",42.51,42.008
"PHENYTOIN 50MG/2ML",42.398,41.808
"PENCILLIN G / BENZYL PENCILLIN 400000IU",42.26,41.736
"PREDNISOLONE 2.5MG",41.668,41.336
"CLONAZEPAM 1MG",40.948,40.726
"CALCIUM 250MG + VITAMIN D3 125IU",0,57.408
"IBANDRONIC ACID 150MG TAB",0,155.97
"ATENOLOL 25MG",0,44.286
"RIVAROXABAN 10MG TAB",0,404.8
"PARACETAMOL 500MG + CAFFINE 25MG",0,47.84
"MULTI VITAMINS 15ML DROPS",0,48
"PARACETAMOL 325MG + CHLORZOXAZONE 500MG + DICLOFENAC 50MG TAB",0,83.008
"LEVETIRACETAM 1GM TAB",0,114.744
"INFANT NUTRITIONAL PRODUCTS POWDER",0,173.028
"CRANBERRY EXTRACT 300MG",0,85.92
"OLANZAPINE 5MG",0,47.678
"TORASEMIDE 20MG",0,66.82
"MEROPENEM 250MG INJ",0,100.692
"PRUCALOPRIDE 1MG",0,143.36
"DOXYLAMINE 10MG + PYRIDOXINE 10MG TAB",0,72.002
"DICYCLOMINE 10MG + SIMETHICONE 40MG 10ML DROPS",0,47.77
"TORASEMIDE 40MG TAB",0,68.46
"CHLORPHENIRAMINE MALEATE 1MG + PARACETAMOL 125MG + PHENYLEPHRINE 2.5MG TAB",0,52.056
"MYCOPHENOLATE MOFETIL 250MG/ML SUSP",0,1784
"METOPROLOL 50MG TAB",0,128.362
"PYRAZINAMIDE 1000MG",0,55.378
"DORZOLAMIDE 2%W/V + TIMOLOL 0.5%W/V EYE DROPS",0,121.904
"CEFEPIME 1GM",0,79.424
"HYDROCORTISONE 5MG TAB",0,45.038
"SODIUM BENZOATE 200GM 5GM POWDER",0,51.14
"PHENOBARBITONE 20MG/5ML",0,48.254
"CHOLECALCIFEROL 600000 IU",0,82.43
"MOISTURIZING LOTION",0,118.4
