Dept,DrugName,total_used
Department1,,7388
Department1,"SODIUM CHLORIDE IVF 100ML",1266
Department2,"SEVOFLURANE 99.97%",948
Department1,"ONDANSETRON 2MG/ML",853
Department1,"MULTIPLE ELECTROLYTES 500ML IVF",825
Department1,"WATER FOR INJECTION 10ML SOLUTION",778
Department2,,745
Department1,"SODIUM CHLORIDE 0.9%",699
Department1,"LEVOSALBUTAMOL/LEVALBUTEROL 0.63MG RESPULES",604
Department1,"PANTOPRAZOLE 40MG INJ",592
Department1,"PARACETAMOL 1GM IV INJ",553
Department1,"PIPERACILLIN 4GM+ TAZOBACTAM 500MG",527
Department1,"NORADRENALINE 2ML INJ",524
Department2,"ATRACURIUM BESYLATE 25MG/2.5ML",412
Department1,"POTASSIUM CHLORIDE 150MG",350
Department1,"MEROPENEM 1GM INJ",343
Department2,SEVOFLURANE,310
Department1,"ADRENALINE INJ 1ML",295
Department1,"SALBUTAMOL 2.5MG",285
Department1,"PARACETAMOL 150MG",259
Department1,"CEFTRIAXONE 1GM",250
Department3,"SEVOFLURANE 99.97%",245
Department1,"OCTREOTIDE 100MCG 1ML INJ",229
Department1,"MAGNESIUM SULPHATE 2ML INJ",212
Department1,"LIGNOCAINE HYDROCHLORIDE 2% INJ",196
Department1,"HUMAN ALBUMIN 25% INJ",195
Department1,"N-ACETYLCYSTEINE 1000MG/5ML INJ",191
Department1,"CEFOPERAZONE 1GM + SULBACTAM 500MG INJ",182
Department1,"SODIUM BICARBONATE 8.5% INJ",172
Department1,"LEVOSALBUTAMOL 1.25MG + IPRATROPIUM BROMIDE 500MCG RESPULES",169
Department1,"BUDESONIDE 2ML",168
Department2,"SODIUM CHLORIDE 0.9%",162
Department3,SEVOFLURANE,160
Department1,"HEPARIN10IU + SODIUM CHLORIDE + BENZYL  ALCOHOL 2ML INJ",160
Department1,"DEXTROSE 5% W/V IV FLUID",149
Department1,"DEXAMETHASONE 4MG/2ML INJ",138
Department2,"SODIUM CHLORIDE 0.9% IVF 1000ML",135
Department1,"VALGANCICLOVIR 450MG TAB",134
Department3,,133
Department1,"CALCIUM POLYSTYRENE SULFONATE 15GM POWDER",133
Department1,"ESOMEPRAZOLE 40MG",130
Department1,"PIPERACILLIN 2GM + TAZOBACTAM 250MG",127
Department1,"DEXTROSE 25%W/V IVF",127
Department2,GLYCOPYRROLATE,127
Department1,"DEXTROSE 5GM + SODIUM CHLORIDE 0.9%W/V 500ML IV FLUID",123
Department1,"ATRACURIUM BESYLATE 25MG/2.5ML",120
Department1,TRAMADOL,119
Department1,"SODIUM CHLORIDE 0.45%",118
Department1,"FUROSEMIDE 10MG/ML",117
Department1,"L LEUCINS 2.3GM + L VALINE 1.5GM + L ISOLEUCINE 1.2GM SACHET",110
Department1,"CALCIUM GLUCONATE",108
Department1,"MESNA 200MG INJ",106
Department1,"NUTRITIONAL SUPPLEMENT POWDER",102
Department1,"FENTANYL 100MCG/2ML",101
Department1,"SODIUM CHLORIDE 600MG + SODIUM LACTATE 320MG + POTASSIUM CHLORIDE 40MG + CALCIUM CHLORIDE 27MG/100ML",101
Department1,"LEVETIRACETAM 100MG/ML INJ",98
Department1,"ENOXAPARIN 40MG",96
Department1,"METRONIDAZOLE 500MG/100ML IVF",96
Department1,"TIGECYCLINE 50MG INJ",92
Department1,"SODIUM CHLORIDE 3%",91
Department1,"MEROPENEM 500MG INJ",90
Department2,"MULTIPLE ELECTROLYTES 500ML IVF",89
Department3,"SODIUM CHLORIDE 0.9%",87
Department2,"WATER FOR INJECTION 10ML SOLUTION",85
Department1,"PIPERACILLIN 1GM + TAZOBACTAM 125MG",85
Department1,"LEVOSALBUTAMOL 1.25MG RESPULES",85
Department1,GLYCOPYRROLATE,83
Department1,"MORPHINE SULPHATE 10MG/ML INJ",83
Department1,"ATROPINE SULPHATE 0.6MG",80
Department1,"POLYMYXIN B INJ 500000IU",80
Department1,"ENOXAPARIN 60MG",79
Department2,"ONDANSETRON 2MG/ML",74
Department1,"SODIUM CHLORIDE 0.85G + POTASSIUM CHLORIDE 0.038G + CALCIUM CHLORIDE 0.070G",73
Department1,"VITAMIN K 1ML INJ",67
Department1,"SODIUM CHLORIDE 0.9% IVF 1000ML",67
Department1,"DEXTROSE 50%W/V 25ML INJ",67
Department1,"LIPOSOMAL AMPHOTERICIN B 50MG INJ",66
Department2,"LIGNOCAINE HYDROCHLORIDE 2% INJ",64
Department2,"ATROPINE SULPHATE 0.6MG",64
Department1,"MICAFUNGIN 50MG INJ",63
Department1,"N-ACETYLCYSTEINE 200MG/2ML INJ",63
Department1,"CLOTRIMAZOLE 1%W/W POWDER",62
Department2,"PROPOFOL 1% 20ML INJ",61
Department1,"MIDAZOLAM 10MG/10ML INJ",61
Department1,"PROPOFOL 1% 50ML INJ",61
Department1,"LACTULOSE 150ML SYP",59
Department2,"EPHEDRINE 30MG",59
Department1,"PROPOFOL 1% 20ML INJ",59
Department1,"CEFUROXIME 1.5GM INJ",58
Department1,"URSODEOXYCHOLIC ACID 300MG TAB",58
Department1,"ANHYDROUS DEXTROSE 1000MG + ASCORBIC ACID 500MG + NIACINAMIDE 160MG + PYRIDOXINE 50MG + RIBOFLAVINE 4MG + THIAMINE 250MG",58
Department1,"CHLORHEXIDINE GLUCONATE 0.2%W/V",57
Department1,"LEVOSULPIRIDE 25MG",56
Department1,"TACROLIMUS 1MG CAP",54
Department1,"HUMAN ALBUMIN 5% 250ML INJ",54
Department1,"HYDROCORTISONE 100MG INJ",53
Department1,"SODIUM PHOSPHATE 1.963GM POWDER",53
Department1,"HUMAN INSULIN 40IU INJ",52
Department1,"CEFTAZIDIME 2GM+AVIBACTAM 500MG",51
Department1,"LACTULOSE 300ML SYP",50
Department1,"TRANEXAMIC ACID 500MG",50
Department1,"DICLOFENAC 1ML INJ",50
Department1,"AMBROXOL 15MG",50
Department1,"PHENERAMINE MALEATE 22.75MG/2ML",47
Department2,"SODIUM CHLORIDE 600MG + SODIUM LACTATE 320MG + POTASSIUM CHLORIDE 40MG + CALCIUM CHLORIDE 27MG/100ML",44
Department2,"CEFOPERAZONE 1GM + SULBACTAM 500MG INJ",44
Department1,"EPHEDRINE 30MG",42
Department1,"EPOETIN BETA",42
Department1,"IPRATROPIUM BROMIDE 500MCG RESPULES",42
Department1,"METOCLOPROMIDE 2ML/10MG INJ",42
Department1,"DEXTROSE 10%W/V 500ML IVF",40
Department2,"CALCIUM GLUCONATE",40
Department2,"PARACETAMOL 1GM IV INJ",39
Department2,"NEOSTIGMINE 1ML INJ",39
Department1,"PANTOPRAZOLE 40MG TAB",39
Department1,"PROPOFOL 1% 10ML INJ",39
Department1,"FILGRASTIM 300MCG",38
Department1,"RIFAXIMIN 550MG TAB",37
Department1,"ENOXAPARIN 20MG",37
Department1,"MUPIROCIN 5G OINT",37
Department1,"RANITIDINE 50MG/2ML INJ",37
Department3,"HEPARIN 5000IU INJ",37
Department1,"NIFEDIPINE 5MG CAP",37
Department1,"STERIL WATER FOR INJECTION 1000ML SOLUTION",36
Department1,"FENTANYL INJ 500MCG/10ML",34
Department1,"CEFOTAXIME 1GM",34
Department1,"BISACODYL 10MG",33
Department1,"PARACETAMOL 650MG TAB",32
Department1,"DALTEPARIN SODIUM 2500IU INJ",32
Department1,"LIQUID PARAFFIN 100ML",32
Department2,"SODIUM BICARBONATE 8.5% INJ",31
Department2,"DEXAMETHASONE 4MG/2ML INJ",31
Department1,"LIQUID PARAFFIN + MILK OF MAGNESIA",30
Department2,"MIDAZOLAM 10MG/10ML INJ",29
Department1,"TACROLIMUS CAP 0.5MG",29
Department1,"FLUCONAZOLE 200MG TAB",29
Department1,"CEFAZOLIN 500MG",29
Department2,"NEOSTIGMINE 5ML INJ",28
Department2,"BUPIVACAINE 0.25%",27
Department1,"DEXMEDETOMIDINE 100MCG/ML 2ML INJ",27
Department2,"LIDOCAINE/LIGNOCAINE (2%) INJ",27
Department1,"RINGER LACTATE  500ML IV FLUIDS",27
Department1,"OXYTOCIN 10IU/ML",27
Department1,"LACTIC ACID BACTERIA + BIFIDOBACTERIA CAP",26
Department2,"CEFAZOLIN 500MG",26
Department1,"ASPIRIN 75MG",25
Department1,"CALCIUM 500MG + VITAMIN D3 250IU",25
Department2,"NORADRENALINE 2ML INJ",24
Department1,"LORAZEPAM 1MG",23
Department1,"CARBOXYMETHYL CELLULOSE 10ML",23
Department1,"FORMOTEROL 20MCG + BUDESONIDE 0.5MG",23
Department1,"AMINO ACID SOLUTION FOR INJECTION TPN 500ML",23
Department1,"FOLIC ACID 5MG",23
Department2,"SODIUM CHLORIDE 0.85G + POTASSIUM CHLORIDE 0.038G + CALCIUM CHLORIDE 0.070G",22
Department1,"TERLIPRESSIN 1MG INJ",22
Department1,"DALTEPARIN SODIUM 5000IU INJ",22
Department1,"HEPARIN 5000IU INJ",21
Department1,"ONDANSETRON 4MG",21
Department1,"TEICOPLANIN 400MG INJ",21
Department1,"TOBRAMYCIN 300MG",21
Department1,"CARVEDILOL 3.125MG",20
Department1,"HEPARIN 200IU + ETHANOL   20G GEL",20
Department1,"MAGNESIUM SULPHATE 15GM PASTE",20
Department1,"ALPRAZOLAM 0.5MG",20
Department1,"MANNITOL 100ML IVF",20
Department1,"CALCITONIN 100IU",20
Department1,"REMDESIVIR 100MG INJ",20
Department2,"HEPARIN 5000IU INJ",20
Department1,"SODIUM CHLORIDE 2.6GM + POTASSIUM CHLORIDE 1.5GM + SODIUM CITRATE 2.9GM + DEXTROSE ANHYDROUS 13.5GM POWDER",19
Department2,"CEFUROXIME 1.5GM INJ",19
Department1,"MAGNESIUM OXIDE 400MG TAB",19
Department1,"COLLOIDAL SILVER 32PPM",19
Department1,"AMOXYCILLIN 1000MG + CLAVULANIC ACID 200MG INJ",19
Department1,"ALPRAZOLAM 0.25MG",18
Department1,"GLYCERYL TRINITRATE 5MG",18
Department1,"MORPHINE SULPHATE 10MG TAB",18
Department1,"MECOBALAMIN 1000MCG + NIACINAMIDE 100MG+ PYRIDOXINE 100MG + THIAMINE 100MG + RIBOFLAVIN 5MG + PANTHENOL 5MG INJ",18
Department1,"CALCIUM PANTOTHENATE 50MG + CYANOCOBALAMIN 15MCG + NIACINAMIDE 45MG + PYRIDOXINE 3MG + RIBOFLAVINE 10MG + THIAMINE MONONITRATE 10MG",17
Department1,"CEFIXIME 200MG",17
Department2,"RINGER LACTATE  500ML IV FLUIDS",17
Department1,"VASOPRESSIN 1ML INJ",17
Department1,"HYOSCINE BUTYLBROMIDE 20MG INJ",17
Department1,"OCTREOTIDE 50MCG 1ML INJ",17
Department1,"POTASSIUM CHLORIDE 0.5GM/5ML",17
Department1,"VECURONIUM BROMIDE 10MG INJ",17
Department1,"SUCRALFATE 500MG/5ML",17
Department1,"ANIDULAFUNGIN 100MG",17
Department1,"HEPARIN 25000IU INJ",16
Department2,"SODIUM CHLORIDE 0.45%",16
Department1,"AMLODIPINE 5MG",16
Department1,"MYCOPHENOLATE MOFETIL 500MG TAB",16
Department1,"PANTOPRAZOLE 40MG + DOMPERIDONE 30MG TAB",16
Department1,"LEVOCLOPERASTINE FENDIZOATE 20GM/5ML 100ML SUSPENSION",16
Department1,"DOXYCYCLINE 100MG INJ",15
Department1,"CEFTAZIDIME 2GM",15
Department1,"MULTIVITAMIN + MULTIMINERAL + GRAPE SEED EXTRACT TAB",15
Department1,"MINOCYCLINE INJ 100MG",15
Department3,"LIGNOCAINE HYDROCHLORIDE 2% INJ",15
Department1,"PARACETAMOL 500MG TAB",15
Department1,"PHENYLEPHRINE 10MG/ML",14
Department2,"PIPERACILLIN 4GM+ TAZOBACTAM 500MG",14
Department1,"HUMAN ALBUMIN LOW SALT 20% 100ML IV FLUID",14
Department1,"AMINO ACID SOLUTION FOR INJECTION TPN 100ML",14
Department1,"PARACETAMOL 80MG SUPPOSITORY",14
Department2,"ROPIVACAINE 0.5% 20ML INJ",14
Department1,"NIFEDIPINE 10MG CAP",13
Department1,"DICLOFENAC 100MG SUPPOSITORY",13
Department1,"SODIUM ACID PHOSPHATE 1.936GM POWDER",13
Department2,"BUPIVACAINE 5MG",13
Department3,"EPHEDRINE 30MG",13
Department1,"IMEPENEM 500MG + CILASTATIN 500MG INJ",13
Department1,"FORMOTEROL 20MCG + BUDESONIDE 1MG",13
Department1,"AMOXYCILLIN 500MG + CLAVULANIC ACID 100MG",13
Department1,"COLISTIMETHATE SODIUM 2MIU",12
Department1,"KETAMINE HCL 100MG INJ",12
Department1,"TPN SOLUTION",12
Department1,"HUMAN GAMMA GLOBULIN 100ML INJ",12
Department1,"TRIHEXIPHENIDYL 2MG",12
Department1,"BISACODYL 5MG",12
Department2,"PHENYLEPHRINE 10MG/ML",12
Department2,"SODIUM CHLORIDE IVF 100ML",12
Department1,"PHENOBARBITONE 200MG",12
Department1,"POLYANTIBIOTIC RESISTANT BACILLUS CLAUSII 2BILLION SPORES",11
Department1,"DEXTROSE 5%W/V + SODIUM CHLORIDE 0.45%W/V 500ML IV FLUID",11
Department1,"HALOPERIDOL 5MG/1ML INJ",11
Department1,"PARACETAMOL 170MG SUPPOSITIRY",11
Department1,"SODIUM CHLORIDE 0.65%",11
Department1,"ATORVASTATIN 40MG",11
Department1,"TOLVAPTAN 15MG",11
Department2,"AMPHOTERICIN B 50MG",11
Department1,"CLONAZEPAM 0.5MG",11
Department2,"LUBRICATING JELLY 20GM",11
Department2,"ADRENALINE INJ 1ML",11
Department2,"TRANEXAMIC ACID 500MG",11
Department1,"ACYCLOVIR 250MG INJ",11
Department1,"FLUCONAZOLE 150MG TAB",11
Department1,"AMIODARONE 150MG INJ",11
Department1,"PEPTIDE BASED DIET POWDER",10
Department1,"DOBUTAMINE 250MG INJ",10
Department1,"THYROXINE SODIUM 25MCG TAB",10
Department2,"POTASSIUM CHLORIDE 150MG",10
Department1,"AMOXYCILLIN 250MG + CLAVULANIC ACID 50MG",10
Department1,"FLUOROURACIL 1%",10
Department2,"DEXTROSE 5% W/V IV FLUID",10
Department1,"PHENYLEPHRINE 10 MG",10
Department1,"FLUCONAZOLE 100ML INJ",10
Department1,"IMIPENAM 500MG + CILASTATIN 500MG",10
Department1,"L-ARGININE 5GM POWDER",10
Department1,"CEFAZOLIN 250MG",10
Department1,"FOSPHENYTOIN 150MG",10
Department1,"AMLODIPINE 2.5MG",9
Department1,"TEICOPLANIN 200MG INJ",9
Department1,"SODIUM BICARBONATE 500MG",9
Department1,"CLINDAMYCIN 600MG",9
Department2,"OXYTOCIN 10IU/ML",9
Department1,"CLOPIDOGREL 75MG",9
Department1,"VINCRISTINE 1MG INJ",9
Department1,"CALCIUM FOLINATE 15MG",9
Department1,"MYCOPHENOLATE MOFETIL 250MG CAP",9
Department2,TRAMADOL,9
Department1,"FLUCONAZOLE 50MG TAB",9
Department1,"METFORMIN 500MG TAB",8
Department1,"LIPID 20% 100ML TPN",8
Department3,"PROPOFOL 1% 10ML INJ",8
Department1,"PREDNISOLONE 20 MG",8
Department1,"LACTITOL MONOHYDRATE 66.67%W/V 200ML SYP",8
Department1,"VITAMIN B1 + B6 + B9 + MINERALS TAB",8
Department1,"SPIRONOLACTONE 50 MG + FUROSEMIDE 20 MG",8
Department1,"PREDNISOLONE 10 MG",8
Department1,"BENZYL NICOTINATE 2MG + HEPARIN 50IU",8
Department1,"BUPIVACAINE 0.25%",8
Department1,"AMPICILLIN 250MG INJ",8
Department3,"ADRENALINE INJ 1ML",8
Department1,"STREPTOCOCCUS FAECALIS 30MILLION + CLOSTRIDIUM BUTYRICUM 2MILLION + BACILLUS MESENTERICUS 1MILLION + LACTIC ACID BACILLUS 50MILLION",8
Department3,"WATER FOR INJECTION 10ML SOLUTION",8
Department1,"GLYCERYL TRINITRATE 25MG/5ML",8
Department1,"FOSFOMYCIN 4GM",8
Department1,"GLIMEPRIDE 2MG",7
Department1,"DEXAMETHASONE 4MG TAB",7
Department1,"L-5-METHYLTETRAHYDROFOLATE  CALCIUM 2.8MG + PYRIDOXAL 5-PHOSPHATE 25MG + MECOBALAMIN 2MG TAB",7
Department3,"GLYCERYL TRINITRATE 5MG",7
Department1,"HEPATITIS B VACCINE 10MCG INJ",7
Department1,"BACLOFEN 10MG  TAB",7
Department1,"SILDENAFIL 25MG",7
Department1,"ADEMETIONINE 400MG",7
Department1,"ASPIRIN 150MG",7
Department1,"ASPIRIN 325MG",7
Department1,"BACILLUS CALMETTE-GUERIN INJ",7
Department1,"TICAGRELOR 90MG",7
Department1,"METHYLPREDNISOLONE 125MG INJ",7
Department1,"SUCCINYL CHOLINE CHLORIDE 50MG/ML",7
Department1,"RIFAXIMIN 400MG TAB",7
Department1,"N-ACETYLCYSTEINE 600MG TAB",7
Department1,"CIPROFLOXACIN 200MG",7
Department1,OXALIPLATIN??50MG,7
Department1,"PREDNISOLONE 5MG/5ML",7
Department2,"PAPAVERINE 30MG/ML",7
Department1,"ROSUVASTATIN 10MG TAB",7
Department1,"METHOTREXATE 15MG INJ",7
Department2,"N-ACETYLCYSTEINE 1000MG/5ML INJ",7
Department3,"ONDANSETRON 2MG/ML",6
Department1,"DOMPERIDONE 30ML SYRUP",6
Department1,"PRAZOSIN 5MG",6
Department1,"DOXYCYCLINE 100MG + LACTOBACILLUS 5 BILLION SPORES CAP",6
Department2,"HYDROGEN PEROXIDE 100ML SOLUTION",6
Department1,"POLYETHYLENE GLYCOL 13.125GM + POTASSIUM CHLORIDE 46.6MG + SODIUM BICARBONATE 178.5MG + SODIUM CHLORIDE 350.7MG POWDER",6
Department1,"ACEBROPHYLLINE 200MG TAB",6
Department1,"FENTANYL 25MCG/HR",6
Department1,"ACECLOFENAC 100MG + PARACETAMOL 325MG + SERRATIOPEPTIDASE 15MG TAB",6
Department3,"GLYCERYL TRINITRATE 25MG/5ML",6
Department3,"ATROPINE SULPHATE 0.6MG",6
Department1,"DOXORUBICIN 10MG INJ",6
Department1,"NIMODIPINE 10MG TAB",6
Department2,"METOPROLOL 5ML INJ",6
Department1,"METHOTREXATE 1GM INJ",6
Department2,"DEXTROSE 25%W/V IVF",6
Department1,"MIDODRINE 2.5MG TAB",6
Department1,"LANSOPRAZOLE 15MG TAB",6
Department3,"ATRACURIUM BESYLATE 25MG/2.5ML",6
Department2,"LIGNOCAINE 21.3MG + ADRENALINE 0.005MG",6
Department1,"MAGNESIUM SULPHATE 1.6GM + POTASSIUM SULPHATE 3.13G + SODIUM SULPHATE 17.5GM 177ML SOLUTION",6
Department1,"DAPTOMYCIN 350MG INJ",6
Department1,"AMPICILLIN 500MG INJ",6
Department1,"VITAMIN C 5 ML INJ",6
Department1,"FERRIC CARBOXYMALTOSE 50MG/ML",6
Department1,"TELMISARTAN 40MG TAB",6
Department2,"HYDROCORTISONE 100MG INJ",5
Department1,"ATORVASTATIN 80MG",5
Department1,"THIAMINE 100MG",5
Department2,"MAGNESIUM SULPHATE 2ML INJ",5
Department1,"THYROXINE SODIUM 75MCG TAB",5
Department1,"SUCRALFATE 500MG + OXETACAINE 10MG/5ML",5
Department3,"MULTIPLE ELECTROLYTES 500ML IVF",5
Department1,"PARACETAMOL 1000MG TAB",5
Department1,"HYDROGEN PEROXIDE 100ML SOLUTION",5
Department3,"EPTIFIBATIDE INJ 100ML",5
Department1,"AMIKACIN 500MG",5
Department1,"LEVOCETIRIZINE 5MG+MONTELUKAST 10MG TAB",5
Department1,"CALCIUM FOLINATE 50MG",5
Department2,"HUMAN INSULIN 40IU INJ",5
Department3,"NICORANDIL 2MG INJ",5
Department1,"POLYETHYLENE GLYCOL POWDER",5
Department1,"LIDOCAINE/LIGNOCAINE (2%) INJ",5
Department1,"LEVOCETIRIZINE 5MG",5
Department3,"FUROSEMIDE 10MG/ML",5
Department1,"THYROXINE SODIUM 50MCG TAB",5
Department2,"METHYLPREDNISOLONE 1GM INJ",5
Department1,"INSULIN GLARGINE 100IU/ML 3ML INJ",5
Department1,PIRACETAM,5
Department2,"SALBUTAMOL 100MCG",5
Department1,"CEFOTAXIME 500MG",5
Department1,"FUROSEMIDE 40MG",5
Department1,"ORAL REHYDRATION SALTS POWDER",5
Department1,"NIFEDIPINE 10MG TAB",5
Department1,"CEFOTAXIME 250MG",5
Department1,"URSODEOXYCHOLIC ACID 150MG TAB",5
Department1,"ZINC OXIDE  30GM CREAM",5
Department1,"NEOSTIGMINE 1ML INJ",5
Department1,"CLONAZEPAM 0.25MG",5
Department1,"DROTAVERIN 20MG INJ",5
Department1,"ITOPRIDE 50MG TAB",5
Department3,"NORADRENALINE 2ML INJ",5
Department1,"LABETALOL 20MG INJ",5
Department1,"DICLOFENAC 12.5MG SUPPOSITORY",4
Department1,"ZINC ACETATE 197.86+ELEMENTAL ZINC 50MG TAB",4
Department1,"SPIRONOLACTONE 25MG",4
Department1,"TAMSULOSIN 0.4MG + DUTASTERIDE 0.5MG TAB",4
Department1,"CARBOPLATIN 450MG",4
Department1,"COLISTIMETHATE SODIUM 1MIU",4
Department1,"IVABRADINE 5MG TAB",4
Department1,"AZITHROMYCIN 500MG TAB",4
Department1,"TAMSULOSIN 0.4MG CAP",4
Department2,"GLYCERYL TRINITRATE 25MG/5ML",4
Department2,"HUMAN ALBUMIN 5% 250ML INJ",4
Department1,"METOPROLOL 25MG TAB",4
Department1,"ALLOPURINOL 100MG",4
Department1,"CILNIDIPINE 10MG",4
Department1,"ESCITALOPRAM 5MG",4
Department1,"DARBEPOETIN ALFA 40MCG INJ",4
Department2,"PIPERACILLIN 1GM + TAZOBACTAM 125MG",4
Department1,"DAPAGLIFLOZIN 10MG TAB",4
Department1,"LINEZOLID 600MG INFUSION",4
Department1,"LACOSAMIDE 20ML INJ",4
Department1,"TENOFOVIR ALAFENAMIDE 25MG TAB",4
Department1,"ZINC OXIDE + CALENDULA + ALOE + JOJOBA OIL 100ML CREAM",4
Department1,"ISAVUCONAZOLE 200MG",4
Department1,"MULTIVITAMINS AND MULTIMINERALS TAB",4
Department1,"ASPIRIN 75MG + ATORVASTATIN 10MG",4
Department1,"ROSUVASTATIN 40MG TAB",4
Department1,"PREDNISOLONE 5MG",4
Department1,"ATORVASTATIN 10MG",4
Department1,"CYCLOPHOSPHAMIDE 500MG",4
Department1,"URSODEOXYCHOLIC ACID SUSP",4
Department2,"HUMAN ALBUMIN 25% INJ",4
Department1,"LEVOFLOXACIN 750MG TAB",4
Department1,"BROMHEXINE 2 MG+GUAIFENESIN 50 MG+MENTHOL 0.5 MG+TERBUTALINE 1.25 MG /5ML",4
Department2,"VASOPRESSIN 1ML INJ",4
Department1,"MOXIFLOXACIN 400MG/100ML IV FLUID",4
Department1,"RANITIDINE 150MG TAB",4
Department1,"QUETIAPINE 25MG TAB",4
Department1,"RACECADOTRIL 100MG CAP",4
Department1,"CIPROFLOXACIN 500MG",3
Department2,"KETOROLAC 30MG INJ",3
Department1,"INDOCYANINE GREEN 25MG INJ",3
Department1,"LORAZEPAM 2MG",3
Department1,"MISOPROSTOL 25MCG TAB",3
Department1,"DICLOFENAC DIETHYLAMINE + LINSEED OIL + METHYL SALICYLATE + MENTHOL 60GM SPRAY",3
Department1,"ACYCLOVIR 400MG TAB",3
Department1,"DEXTROSE 5% 500ML IVF",3
Department2,"METHYLERGOMETRINE 0.2MG/ML INJ",3
Department1,"LINAGLIPTIN 5MG TAB",3
Department1,"GLIMEPRIDE 1MG",3
Department1,"CALCIUM 500MG + VITAMIN D3 500IU",3
Department2,"XYLOMETAZOLINE 10ML DROPS",3
Department1,"LEVODOPA 100MG + CARBIDOPA 25MG TAB",3
Department2,"LIGNOCAINE HYDROCHLORIDE 4% 30ML INJ",3
Department1,"PACLITAXEL 100MG",3
Department1,"PREDNISOLONE 5 MG",3
Department1,"CYCLOPHOSPHAMIDE INJ 200MG",3
Department1,"CHOLINE SALICYLATE 9% W/V",3
Department1,"ACYCLOVIR 200MG TAB",3
Department1,"DICLOFENAC DIETHYLAMINE 1.16% W/W + METHYL SALICYLATE 10% W/W + MENTHOL 5% W/W + LINESEED OIL 3% W/W 40GM SPRAY",3
Department1,"CEFUROXIME 500MG TAB",3
Department1,"TELMISARTAN 40MG + HYDROCHLOROTHIAZIDE 12.5MG TAB",3
Department1,"AMOXYCILLIN 500MG + CLAVULANIC ACID 125MG",3
Department1,"MILRINONE 10MG/10ML INJ",3
Department2,"MEROPENEM 1GM INJ",3
Department1,"NICORANDIL 5MG TAB",3
Department2,"AMIKACIN 500MG",3
Department1,"ZOLPIDEM 5MG TAB",3
Department1,"DOXORUBICIN 50MG INJ",3
Department1,"ADENOSINE 6MG/2ML INJ",3
Department1,"AMITRPTYLINE 10MG",3
Department1,"APREPITANT 125MG/80MG",3
Department1,"ASPARAGUS RACEMOSUS 200MG + WITHANIA SOMNIFERA 100MG + TRIGONELLA FOENUM GRAECEUM 50MG + GLYCYRRHIZA GLABRA 50MG + ALLIUM SATIVUM 20MG",3
Department1,"TRYPSIN CHYMOTRYPSIN TAB",3
Department1,"ZOLPIDEM 10MG TAB",3
Department1,"LEVETIRACETAM 500MG TAB",3
Department3,"HYDROCORTISONE 100MG INJ",3
Department1,"AMIKACIN 250MG",3
Department1,"ETOPHYLLINE 84.7MG + THEOPHYLLINE 25.3MG",3
Department1,"POLIO VACCINE",3
Department1,"TORASEMIDE 10MG",3
Department1,"LIDOCAINE 2.5% + PRILOCAINE 2.5% CREAM",3
Department1,"DICLOFENAC DIETHYLAMINE 1.16% + METHYL SALICYLATE 10% W/W + MENTHOL 5% W/W+ LINESEED OIL 3% W/W 15GM GEL",3
Department1,"POVIDONE IODINE 2%W/V",3
Department1,"CASPOFUNGIN 50MG",3
Department1,"PARACETAMOL 250MG / 5ML SYP",3
Department1,"CLONIDINE 100MCG",3
Department1,"METOCLOPROMIDE 10MG TAB",3
Department3,"GLYCOPYRROLATE 0.5 MG+NEOSTIGMINE 2.5 MG",3
Department1,"ACECLOFENAC 100MG + PARACETAMOL 325MG TAB",3
Department3,"NEOSTIGMINE 1ML INJ",3
Department1,"METRONIDAZOLE 400MG TAB",3
Department1,"TRIMETAZIDINE 35MG",3
Department1,"VANCOMYCIN 500MG INJ",3
Department1,"CALCIUM ACETATE 667MG",3
Department1,"METOPROLOL 5ML INJ",3
Department1,"PAPAIN 521700IU + UREA 100MG",3
Department1,"MAGNESIUM SULPHATE POWDER",3
Department1,"ERTAPENEM 1GM",3
Department1,"ETOPOSIDE  100 MG/5ML",3
Department2,"VECURONIUM BROMIDE 10MG INJ",3
Department1,"AMANTADINE 100MG",2
Department1,"TRAMADOL 50MG",2
Department1,"HIGH PROTEIN SUPPLEMENT POWDER",2
Department1,"GABAPENTIN 300MG + NORTRYPTILINE 10MG TAB",2
Department2,"BUPRENORPHINE 0.3MG",2
Department1,"TELMISARTAN 20MG TAB",2
Department1,"SILVER NITRATE 0.2%",2
Department1,"ATORVASTATIN 5MG",2
Department1,"GLICLAZIDE 80MG + METFORMIN 500MG",2
Department1,"VITAMIN A 25000 IU CAP",2
Department1,"FAT EMULSION 20% 100ML IV FLUID",2
Department1,"NIFEDIPINE 20MG TAB",2
Department1,"VILDAGLIPTIN 50MG TAB",2
Department1,"GEMCITABINE INJ 1.4GM",2
Department1,"LEVOSALBUTAMOL 50MCG + IPRATROPIUM BROMIDE 20MCG INHALER",2
Department1,"PARACETAMOL 125MG / 5ML SYP",2
Department1,"PRUCALOPRIDE 2MG",2
Department1,"THIAMINE 2MG + RIBOFLAVINE 2.5MG + PYRIDOXINE 0.75MG + NICOTINAMIDE 15MG + D-PACITHENOL 3MG + CYANOCOBALAMIN 2MCG",2
Department1,"ESCITALOPRAM 5MG + CLONAZEPAM 0.5MG",2
Department1,"DICLOFENAC 0.1% PATCH",2
Department1,"OMEPRAZOLE 20MG + TINIDAZOLE 500MG + AMOXYCILLIN 750MG",2
Department1,"POVIDONE IODINE 10%W/W",2
Department1,"TROPCAMIDE 0.8% W/V + PHEYNLEPHERINE HCL 5% W/V",2
Department1,"AMBROXOL 30MG/5ML",2
Department1,"FERROUS FUMARATE 50MG + FOLIC ACID 1500MCG",2
Department1,"MULTIVITAMIN WITH ZINC AND CURCUMA LONGA EXTRACT TAB",2
Department1,"PYRIDOXINE HCL 40MG",2
Department1,"DIGOXIN 0.25MG TAB",2
Department1,"SODIUM VALPROATE 500MG",2
Department1,"BENZYDAMINE 0.15%W/V",2
Department1,"ACEBROPHYLLINE 100MG CAP",2
Department2,"GLYCOPYRROLATE 0.5 MG+NEOSTIGMINE 2.5 MG",2
Department1,"TROPICAMIDE 1%W/V",2
Department1,"ESCITALOPRAM 10MG",2
Department1,"BISOPROLOL FUMARATE 1.25MG",2
Department1,"ETOPHYLLINE 77MG + THEOPHYLLINE 23MG",2
Department1,"CLOBAZAM 10MG",2
Department1,"VITAMIN C 500MG TAB",2
Department1,CETIRIZINE,2
Department2,"DICLOFENAC 1ML INJ",2
Department1,"INSULIN ASPART  INJ",2
Department1,"CYCLOSPORIN 100MG",2
Department1,"ISOXSUPRINE 5MG/ML",2
Department1,"INSULIN ISOPHANE 40IU 10ML INJ",2
Department1,"GUAIFENESIN 50MG + TERBUTALINE SULPHATE 1.25MG + BROMHEXINE 4MG",2
Department1,"ATORVASTATIN 20MG",2
Department1,"CALCITRIOL 0.25MG",2
Department1,"GLICLAZIDE 60MG",2
Department3,"NEOSTIGMINE 5ML INJ",2
Department1,ISAVUCONAZOLE,2
Department1,"HYDROXYZINE HCL 25MG TAB",2
Department1,"CYCLOSPORIN 25MG",2
Department1,"L-ORNITHINE + L-ASPARATE 5GM POWDER",2
Department1,"SULPHAMETHOXAZOLE 200MG + TRIMETHOPRIM 40MG",2
Department1,"HEXAMETHYLDISILOXANE, ISOOCTANE, ACRYLATE TERPOLYMER, POLYPHENYMETHYLSILOXANE 28ML SPRAY",2
Department1,"FORTIFIED BABY CEREAL POWDER",2
Department1,"SIROLIMUS 1MG",2
Department1,"PREGABALIN 75MG",2
Department1,"CHOLESTYRAMINE 5GM POWDER",2
Department1,"INSULIN ASPART 100 IU INJ",2
Department1,"DICLOFENAC DIETHYLAMINE 1.16% + METHYL SALICYLATE 10% W/W + MENTHOL 5% W/W+ LINESEED OIL 3% W/W 30GM GEL",2
Department2,"FUROSEMIDE 10MG/ML",2
Department1,"FEBUXOSTAT 40MG",2
Department1,"UROMITEXAN 200MG INJ",2
Department2,"OXYMETAZOLINE HCL",2
Department1,"AZITHROMYCIN 250MG TAB",2
Department1,"CITICOLINE 500MG",2
Department1,"NUTRITION FOR HEPATIC PATIENTS 400GM POWDER",2
Department1,"PROPRANOLOL 10MG",2
Department1,"CARBOPLATIN 150MG",2
Department1,"NINTEDANIB 150MG CAP",2
Department2,"BUPIVACAINE 0.5%",2
Department1,"DIMETHICONE 20 %W/W + CALAMINE 1.5 %W/W + ZINC OXIDE 7.5 %W/W + CETRIMIDE 1.125 %W/W 20G OINT",2
Department1,"AMOXYCILLIN 200MG + CLAVULANIC ACID 28.5MG",2
Department1,"AMLODIPINE 10MG",2
Department1,"SACCHAROMYCES BOULARDII POWDER",2
Department1,"DEXTROMETHORPHAN HYDROBROMIDE 100ML SYP",2
Department1,"VANCOMYCIN 1GM INJ",2
Department1,"CHOLINE SALICYLATE 8.7%W/W + LIGNOCAINE 2%W/W 15GM",2
Department1,"CHOLECALCIFEROL/VIT D3 400IU",2
Department1,"ISOSORBIDE DINITRATE 5MG",2
Department1,"MECOBALAMIN 1500MCG+BENFOTIAMINE 200MCG+FOLICACID 1.5MG+CHROMIUM POLYNICOTINATE 200MCG+MYO-INOSITOL 100MG+PYRIODOXINE HYDROCHLORIDE 3MG TAB",2
Department1,"LEVODOPA 100MG + CARBIDOPA 10MG TAB",2
Department1,"CEFOPERAZONE 1GM + SULBACTAM 1GM INJ",2
Department1,"LIQ PARAFFIN 1.25ML + MILK OF MAGNESIA 3.75ML + SODIUM PICOSULPHATE 3.33MG SYP",2
Department1,"MONTELUKAST 10MG+ FEXOFENADINE 120MG TAB",2
Department1,"ASPARAGUS RACEMOSUS 10GM POWDER",2
Department1,"OSELTAMIVIR 12MG/ML",2
Department1,"OSELTAMIVIR 75 MG",2
Department1,"MECOBALAMIN 1000 MCG + NIACINAMIDE 100MG + PYRIDOXINE 100MG INJ",2
Department1,TOCOTRIENOL,2
Department1,"AMOXYCILLIN 400MG/5ML + CLAVULANIC ACID 57MG/5ML",2
Department1,"ETODOLAC 400MG",2
Department2,"METHYL PREDNISOLONE 500MG INJ",2
Department1,"BENZOIN COMPOUND TINCTURE",2
Department1,"DEXTROMETHORPHAN HYDROBROMIDE 5MG TAB",2
Department1,"IRINOTECAN 100MG INJ",2
Department1,"CHLORDIAZEPOXIDE 10MG",2
Department1,"MELATONIN 3MG TAB",2
Department2,"MANNITOL 100ML IVF",2
Department1,"LEVO-CARNITINE 500MG/5ML SYP",2
Department1,"RANITIDINE 75MG/5ML SYP",2
Department1,"NEOSTIGMINE 5ML INJ",2
Department1,"BECLOMETHASONE 0.025% W/W + PHENYLEPHRINE 0.10% W/W + LIGNOCAINE 2.50% W/W CREAM",2
Department2,"MISOPROSTOL 25MCG TAB",2
Department1,"N-BUTYL-2-CYANOACRYLATE 1ML INJ",2
Department2,"METRONIDAZOLE 500MG/100ML IVF",2
Department1,"ESCITALOPRAM 10MG+ CLONAZEPAM 0.5MG",2
Department1,"MYCOPHENOLATE MOFETIL HYDROCHLORIDE 360 MG TAB",2
Department1,"RIFAXIMIN 200MG TAB",2
Department1,"RACECADOTRIL 10GM POWDER",2
Department1,"BLEOMYCIN 15IU INJ",2
Department1,"BOVINE COLOSTRUM 25GM POWDER",2
Department1,"FLUDROCORTISONE 100MCG",2
Department1,"FEXOFENADINE 120MG",2
Department1,"TORASEMIDE 5MG",2
Department2,"TEICOPLANIN 200MG INJ",2
Department1,"FUNGAL DIASTASE + PAPAIN + ACTIVATED CHARCOAL",2
Department1,"INSULIN ISOPHANE 70% + HUMAN INSULIN 30% INJ",2
Department1,"MESALAZINE  60ML SOLUTION",2
Department1,"RAMIPRIL 2.5MG TAB",2
Department1,"EVEROLIMUS 0.5MG",2
Department1,"BACITRACIN 400IU + NEOMYCIN 3400IU + POLYMYXIN B 5000IU + HYDROCORTISONE 10MG OINT",2
Department1,"MONTELUKAST 10MG + LEVOCETIRIZINE 5MG TAB",2
Department1,"ZINC ACETATE 20MG/5ML SYP",1
Department3,"EPTIFIBATIDE 0.75MG/ML",1
Department1,"RIFABUTIN 150MG CAP",1
Department1,"BACILLUS MESENTERICUS 1 MILLION CELLS + CLOSTRIDIUM BUTYRICUM 2 MILLION CELLS+LACTOBACILLUS SPOROGENES 50 MILLION CELLS + STREPTOCOCCUS THERMOPHILUS 30 MILLION CELLS /5ML INJ",1
Department1,"INSULIN ASPART 1.05MG + INSULIN DEGLUDEC 2.56MG INJ",1
Department1,"PHOSPHOROUS 93MG + POTASSIUM 170MG/ML",1
Department1,"COLCHICINE 0.5MG",1
Department1,"VALACYCLOVIR 1GM TAB",1
Department1,"CLINDAMYCIN 300MG",1
Department2,"GLYCERYL TRINITRATE 5MG",1
Department1,"GLIMEPRIDE 2MG + METFORMIN 500MG",1
Department1,"AQUA,CETEARYL ALCHOL,GLYCERIN.SORRBITOL,PARAFFINUM",1
Department1,"CASPOFUNGIN 70MG",1
Department1,"TADALAFIL 20MG TAB",1
Department1,"SODIUM FUSIDATE 20MG",1
Department1,"GABAPENTIN 100MG",1
Department2,"SUCCINYL CHOLINE CHLORIDE 50MG/ML",1
Department1,"PREDNISOLONE 2.5MG",1
Department1,"LIQUID PARAFFIN + MAGNESIUM HYDROXIDE + SODIUM PICOSULFATE",1
Department1,"VOGLIBOSE 0.3MG TAB",1
Department1,"LEVETIRACETAM 250MG TAB",1
Department1,"SACUBITRIL 24MG + VALSARTAN 26MG",1
Department1,"PHENYTOIN 50MG/2ML",1
Department1,"VILDAGLIPTIN 50MG + METFORMIN 500MG TAB 50/500MG",1
Department1,"ELTROMBOPAG 25MG",1
Department1,PEMBROLIZUMAB,1
Department1,"ETORICOXIB 60MG + THIOCOLCHICOSIDE 4MG",1
Department1,"LOSARTAN 50MG",1
Department1,"PANCREATIN 150MG",1
Department1,"OMEGA 3 FATTY ACIDS + EXTRACTS OF GREEN TEA + GINKGO + GINSENG + GRAPE SEED + ANTIOXIDANTS + VITAMINS + MINERALS + TRACE ELEMENTS",1
Department1,"ISONIAZID 300MG",1
Department1,"IRINOTECAN 40MG INJ",1
Department1,"FLAVOXATE 200MG",1
Department1,"MEGESTROL ACETATE 160MG TAB",1
Department1,"POLYETHYLENE GLYCOL 13.125 GM + POTASSIUM CHLORIDE 46.6MG + SODIUM BICARBONATE 178.5MG + SODIUM CHLORIDE 350.7MG",1
Department1,"SODIUM ALGINATE + SODIUM BICARBONATE + CALCIUM CARBONATE",1
Department2,"STERIL WATER FOR INJECTION 1000ML SOLUTION",1
Department1,"IBUPROFEN 100MG + PARACETAMOL 162.5MG SYP",1
Department1,"BISOPROLOL FUMARATE 2.5MG",1
Department2,"PARACETAMOL 170MG SUPPOSITIRY",1
Department1,"LACOSAMIDE 100MG TAB",1
Department1,"CARBOXYMETHYL CELLULOSE 15ML",1
Department1,"DYDROGESTERONE 10MG TAB",1
Department1,"GLIPIZIDE 5MG + METFORMIN 500MG",1
Department1,"BUDESONIDE 100MCG",1
Department1,"ONDANSETRON 8MG",1
Department1,"AMOXYCILLIN 875MG + CLAVULANIC ACID 125MG",1
Department2,"PROPOFOL 1% 50ML INJ",1
Department1,"MOXIFLOXACIN 400MG TAB",1
Department1,"PACLITAXEL 260MG",1
Department1,"ALPHA LIPOIC ACID 200MG + CHROMIUM PICOLINATE 200MCG+ FOLIC ACID 1.5MG + INOSITOL 100MG + MECOBALAMIN 1500MCG + SELENOMETHIONINE 55MCG + ZINC MONOMETHIONINE 25MG",1
Department1,"HYDROXYETHYL STARCH 6% + SODIUM CHLORIDE 0.9% 500ML IV FLUID",1
Department1,"PANTOPRAZOLE 40MG + CLARITHROMYCIN 500MG +  AMOXICILLIN 750MG TAB",1
Department3,"PHENYLEPHRINE 10MG/ML",1
Department1,"CEFPODOXIME PROXETIL 200MG",1
Department3,"ETOMIDATE 2MG/ML",1
Department1,"ISONIAZID 300MG + RIFAMPICIN 600MG TAB",1
Department1,"CLOPIDOGREL 75MG + ASPIRIN 150MG",1
Department1,"INSULIN LISPRO INJ",1
Department1,"MULTIVITAMIN + MINERALS + TRACE ELEMENTS TAB",1
Department1,"THYROXINE SODIUM 125MCG TAB",1
Department1,"TELMISARTAN 40MG + AMLODIPINE 5MG TAB",1
Department1,"MONTELUKAST  + LEVOCETIRIZINE 60ML SYRUP",1
Department1,"LEVOFLOXACIN 500MG TAB",1
Department1,"LIGNOCAINE HYDROCHLORIDE 4% 30ML INJ",1
Department3,"DEXTROSE 5GM + SODIUM CHLORIDE 0.9%W/V 500ML IV FLUID",1
Department2,"HEPARIN 25000IU INJ",1
Department1,"MERCAPTOPURINE 50MG TAB",1
Department1,"POSACONAZOLE 100MG",1
Department1,"ISOXSUPRINE 10MG",1
Department1,"MEFENAMIC ACID 250MG+ DICYCLOMINE 10MG TAB",1
Department2,"BUDESONIDE 2ML",1
Department1,"CAFFEINE 20MG/ML",1
Department1,"ALPHA LIPOIC ACID 100MG + FOLIC ACID 1.5MG + METHYLCOBALAMIN 1500MCG + PYRIDOXINE 3MG",1
Department1,"TACROLIMUS 0.5MG CAP",1
Department1,"SACUBITRIL24MG+VALSARTAN 26MG",1
Department1,"GLICLAZIDE 40MG",1
Department1,"ESOMEPRAZOLE  + DOMPERIDONE",1
Department1,"LACTIC ACID BACILLUS 120 MILLION TAB",1
Department1,"CINNARIZINE 25MG",1
Department3,"PHENYLEPHRINE 10 MG",1
Department1,"PEGASPARGASE 3750IU",1
Department1,"DOMPERIDONE 10MG TAB",1
Department3,"PANTOPRAZOLE 40MG INJ",1
Department1,"HYDROXYUREA 500MG TAB",1
Department1,"SAROGLITAZAR 4MG",1
Department1,"POTASSIUM CITRATE",1
Department1,"DILTIAZEM 90MG TAB",1
Department1,OXALIPLATIN??100MG,1
Department2,"PARACETAMOL 80MG SUPPOSITORY",1
Department1,"BACLOFEN 5MG TAB",1
Department1,"GLIMEPRIDE 2MG + METFORMIN 500MG + VOGLIBOSE 0.2MG TAB",1
Department1,"LOSARTAN 25MG",1
Department1,"LANSOPRAZOLE 30MG TAB",1
Department1,"MULTIVITAMIN + MINERALS 200ML SYP",1
Department1,"SERTRALINE 25MG",1
Department1,"LEVO-CARNITINE 500MG TAB",1
Department2,"BASILIXIMAB 20 MG",1
Department1,"MULTIVITAMIN + MULTIMINERAL + ANTIOXIDANTS + METHYLCOBALAMIN 200ML SYRUP",1
Department1,"ROPINIROLE 0.5MG TAB",1
Department1,"IRON SUCROSE 100MG INJ",1
Department2,"PANTOPRAZOLE 40MG INJ",1
Department1,"GLIMEPRIDE 1MG + METFORMIN 500MG",1
Department1,"METHYL PREDNISOLONE 8MG TAB",1
Department1,"PACLITAXEL PROTEIN BOUND PARTICLES 100MG",1
Department1,"MENANDIONE 10MG TAB",1
Department1,"PROGESTERONE 8%",1
Department1,"FENTANYL 50MCG/HR",1
Department1,"VITAMIN B12 + FOLIC ACID + IRON HYDROCHLORIDE


VITAMIN B12 + FOLIC ACID + IRON HYDROCHLORIDE


VITAMIN B12 + FOLIC ACID + IRON HYDROCHLORIDE


VITAMIN B12 + FOLIC ACID + IRON HYDROCHLORIDE 15ML DROPS",1
Department1,"VINBLASTINE 10MG INJ",1
Department1,"MODAFINIL 100MG TAB",1
Department1,"SPIRONOLACTONE 100MG",1
Department1,"GLYCOPYRROLATE 0.5 MG+NEOSTIGMINE 2.5 MG",1
Department1,"GELATIN 4G + SODIUM CHLORIDE 0.7G + SODIUM HYDROXIDE 0.136G/100 ML",1
Department1,"HUMAN GAMMA GLOBULIN 50ML INJ",1
Department1,"AMBROXOL 30MG/5ML + GUAIFENESIN 50MG/5ML + LEVOSALBUTAMOL 1MG/5ML SYP",1
Department1,"PARADICHLOROBENZENE 2 %W/V + BENZOCAINE 2.7 %W/V + CHLORBUTOL 5%W/V + TURPENTINE OIL 15%W/V",1
Department1,"MOSTURIZING CREAM 75GM CREAM",1
Department1,"MULTIVITAMIN + MINERALS + TRACE ELEMENTS IVF",1
Department1,"METHOTREXATE 50MG INJ",1
Department1,"FOLIC ACID 1MG + PYDRIDOXINE HYDROCHLORIDE 10MG + CYANOCOBALAMIN 400MCG",1
Department1,"APIXABAN TAB 5MG",1
Department1,"ISOSORBIDE MONONITRATE 10MG",1
Department1,"ISOSORBIDE DINITRATE 20MG + HYDRALAZINE 37.5MG",1
Department1,"HUMAN PLACENTA EXTRACT 20GM GEL",1
Department1,"BETAHISTINE 16MG",1
Department1,"ISOSORBIDE MONONITRATE 30MG",1
Department1,"ENALAPRIL 5MG",1
Department3,"CEFOTAXIME 1GM",1
Department1,"METOPROLOL 50MG + AMLODIPINE 5MG TAB",1
Department1,"BORTEZOMIB 2MG",1
Department2,"DOPAMINE 200MG INJ",1
Department1,"INSULIN GLULISINE 100 IU/ML 3ML INJ",1
Department2,"LIDOCAINE 100MG/ML SPRAY",1
Department1,"ROPIVACAINE 0.5% 20ML INJ",1
Department1,"METHYLENE BLUE 10ML INJ",1
Department1,"CHLORPHENAMINE MALEATE 4MG/5ML + DEXTROMETHORPHAN HYDROBROMIDE 10MG/5ML",1
Department1,"GABAPENTIN 100MG + NORTRYPTILINE 10MG TAB",1
Department1,"SULPHAMETHOXAZOLE 800MG + TRIMETHOPRIM 160MG",1
Department3,"BUPIVACAINE 0.25%",1
Department1,GLYCERINE,1
Department2,"LABETALOL 20MG INJ",1
Department1,"MONTELUKAST+DESLORTIDINE TAB",1
Department1,"TAPENTADOL 50MG TAB",1
Department1,"DIHYDRALAZINE 25MG TAB",1
Department1,"VALSARTAN 40MG TAB",1
Department1,"POTASSIUM CITRATE + MAGNESIUM CITRATE",1
Department1,"URSODEOXYCHOLIC ACID 450MG TAB",1
Department1,"SULPHAMETHOXAZOLE 800MG + TRIMETHOPRIM 160MG TAB",1
Department1,"RIFAMPICIN 450MG + ISONIAZID 300MG + ETHAMBUTOL 800MG + PYRAZINAMIDE 750MG TAB",1
Department3,"DEXAMETHASONE 4MG/2ML INJ",1
Department1,"DIOSMIN 500MG TAB",1
Department1,"SERTACONAZOLE 2%W/V + ZINC PYRITHIONE 1%W/V",1
Department1,"LEVOCETRIZINE 5MG + MONTELUKAST 10MG TAB",1
Department1,"ENTECAVIR 0.5MG",1
Department1,"DOCETAXEL 80MG INJ",1
Department3,GLYCOPYRROLATE,1
Department1,"RABEPRAZOLE 20 MG+DOMPERIDONE 30 MG CAP",1
Department1,"LACTULOSE 200ML SYP",1
Department1,"KETOROLAC 30MG INJ",1
Department1,"ORCIPRENALINE 10MG",1
Department1,"SEVELAMER 800MG",1
Department1,"ESOMEPRAZOLE 20MG + DOMPERIDONE 30MG",1
Department1,"METHYL PREDNISOLONE 500MG INJ",1
Department1,"ROSUVASTATIN 5MG TAB",1
Department1,"CITICOLINE 500MG + PIRACETAM 800MG",1
Department2,"CEFUROXIME 750MG INJ",1
Department2,"PROPOFOL 2% 50ML INJ",1
Department1,"ESCITALOPRAM 20MG",1
Department1,"POLYETHYLENE GLYCOL 118GM+ POTASSIUM CHLORIDE 1.484GM+ SODIUM BICARBONATE 3.37GM",1
Department1,"ALFACALCIDOL 0.25MCG",1
Department1,"METHIMAZOLE 10MG TAB",1
Department1,"LINEZOLID 600MG TAB",1
Department1,"POLYVINYL ALCOHOL 14MG + POVIDONE 6MG + CHLORBUTOL 5MG/ML",1
Department1,"PREDNISOLONE 40MG",1
Department1,"QUETIAPINE 50MG TAB",1
Department1,"LEVOFLOXACIN 500MG INJ",1
Department1,"PENCILLIN G / BENZYL PENCILLIN 400000IU",1
Department1,"COENZYME Q10 + OMEGA 3 FATTY ACID 300MG + VITAMIN E 100MG",1
Department1,"SYMRELIEF + ANASENSYL + SYMCALMIN + NAB BUTTERBUR EXTRACT + ALOE VERA + OAT EXTRACT",1
Department1,"FERROUS ASCORBATE 100MG + FOLIC ACID 1.1MG",1
Department1,"KETOROLAC 10MG TAB",1
Department1,"GLYCERYL TRINITRATE 2.6MG",1
Department1,"CLONAZEPAM 1MG",1
Department1,"DILTIAZEM 30MG TAB",1
Department2,"HAEMOSTATIC 3GM POWDER",1
Department1,"FERROUS AMMONIUM CITRATE 160MG + FOLIC ACID 0.5MG + CYANOCOBALAMIN 7.5MCG + CUPRIC SULFATE 30MCG + MANGANESE SULPHATE 30MCG",1
Department1,"HYDROXYCHLOROQUINE SULPHATE 200MG TAB",1
Department3,"LIDOCAINE/LIGNOCAINE (2%) INJ",1
Department1,"INSULIN ASPART 30% , INSULIN ASPART PROTAMINE 70% 30IU INJ",1
Department1,"CYCLOPHOSPHAMIDE 200MG",1
Department2,"DEXTROSE 5GM + SODIUM CHLORIDE 0.9%W/V 500ML IV FLUID",1
Department1,"METOLAZONE 5MG TAB",1
Department1,"L-GLUTAMIC ACID 10GM + ELEMENTAL ZINC 3.3MG + ELEMENTAL SELENIUM 40MCG POWDER",1
Department1,"ONDANSETRON 2MG/5ML",1
Department1,"LEVETIRACETAM 100MG/ML SYP",1
Department1,"TORASEMIDE 20MG + SPIRONOLACTONE 50MG",1
Department1,"MEMANTINE HYDROCHLORIDE 5MG TAB",1
Department1,"PRAZOSIN 2.5MG",1
Department1,"MIRTAZAPINE 7.5MG TAB",1
Department1,"SHATAVARI ROOTS 15GM + VIDARIKAND TUBER 1GM + SOWA SEED 1GM + GOKSHUR PANCHANG FRUITS 2.5GM + YASHTIMADHU ROOTS 1GM + JEERA SAFED SEED 1GM + AHIV SEED 1GM/100GM POWDER",1
Department2,"METHYLPREDNISOLONE 125MG INJ",1
Department1,"PANCREATIN 300MG",1
Department1,"VORICONAZOLE 200MG TAB",1
Department3,"PARACETAMOL 1GM IV INJ",1
Department1,"PENICILLAMINE 250MG",1
Department1,"TRICLOFOS 5MG/ ML",1
Department1,"GLIBENCLAMIDE 5MG +METFORMIN 500MG TAB",1
Department2,"FLUORESCEIN INJECTION USP 20%",1
Department3,"TENECTEPLASE 40MG INJ",1
Department1,"MONTELUKAST 10MG TAB",1
Department1,"VALETHAMATE BROMIDE 8MG/ML INJ",1
Department1,"ASPRIN GASTRO-RESISTANT",1
Department1,"RIVASTIGMINE 3MG TAB",1
Department1,"EMPAGLIFLOZIN 10MG",1
Department1,"CALCIUM 125 MG + PHOSPHORUS 55MG + VITAMIN D3 200IU / 5ML",1
Department1,"AZITHROMYCIN 500MG INJ",1
Department1,"CALAMINE 8%W/V + DIPHENHYDRAMINE HYDROCHLORIDE 1%W/V",1
Department1,"METHYL PREDNISOLONE 4MG TAB",1
Department1,"TENELIGLIPTIN 20MG TAB",1
Department1,"RECOMBINAT HUMAN EPIDERMAL GROUTH FACTOR 150MCG GEL",1
Department2,"BENZOIN COMPOUND TINCTURE",1
Department1,"VORICONAZOLE 200MG INJ",1
Department1,"NICOUMALONE 1MG TAB",1
Department1,"DICLOFENAC+TRYPSIN TAB",1
Department1,"CABERGOLINE 0.5MG",1
Department1,"CYTARABINE 100MG",1
Department2,"DEXMEDETOMIDINE 100MCG/ML 1ML INJ",1
Department1,"PANTOPRAZOLE 20MG TAB",1
Department1,"LANOLIN 20G CREAM",1
Department1,"LACOSAMIDE 50MG TAB",1
Department1,"HUMAN NORMAL IMMUNOGLOBULIN 16.5% 2ML INJ",1
Department1,"POSACONAZOLE 300MG",1
Department1,"FLUDRABINE PHOSPHATE 50MG",1
Department1,"RANOLAZINE 500MG TAB",1
Department1,"LIQUID PARAFFIN 1.25ML + MAGNESIUM HYDROXIDE + SODIUM PICOSULPHAT 3.33MG/5ML",1
Department1,"GUAIFENESIN 50MG + TERBUTALINE SULPHATE 1.25MG + BROMHEXINE 4MG + MENTHOL 2.5MG",1
Department2,"PIPERACILLIN 2GM + TAZOBACTAM 250MG",1
Department1,"PROPRANOLOL 40MG",1
Department1,"CLOBAZAM 5MG",1
Department1,"CHOLECALCIFEROL 60000IU",1
Department1,"FERRIC CITRATE 210MG",1
Department1,"PEGFILGRASTIM 6MG",1
Department1,"DINOPROSTONE 0.5MG GEL",1
Department1,"NEBIVOLOL 2.5MG TAB",1
Department1,"INSULIN DEGLUDEC 100IU/ML INJ",1
Department1,"METHYLERGOMETRINE 0.2MG/ML INJ",1
Department2,"CEFTAZIDIME 2GM+AVIBACTAM 500MG",1
Department1,"MIDAZOLAM 7.5MG INJ",1
Department1,"FENTANYL 12.5MCG/HR",1
Department1,"CALCIUM 250MG + VITAMIN D3 125IU",0
Department1,"IBANDRONIC ACID 150MG TAB",0
Department1,"ATENOLOL 25MG",0
Department1,"RIVAROXABAN 10MG TAB",0
Department1,"PARACETAMOL 500MG + CAFFINE 25MG",0
Department1,"MULTI VITAMINS 15ML DROPS",0
Department1,"PARACETAMOL 325MG + CHLORZOXAZONE 500MG + DICLOFENAC 50MG TAB",0
Department1,"LEVETIRACETAM 1GM TAB",0
Department1,"INFANT NUTRITIONAL PRODUCTS POWDER",0
Department1,"METHYLPREDNISOLONE 1GM INJ",0
Department1,"CRANBERRY EXTRACT 300MG",0
Department1,"OLANZAPINE 5MG",0
Department1,"TORASEMIDE 20MG",0
Department1,"MEROPENEM 250MG INJ",0
Department1,"PRUCALOPRIDE 1MG",0
Department1,"DOXYLAMINE 10MG + PYRIDOXINE 10MG TAB",0
Department1,"DICYCLOMINE 10MG + SIMETHICONE 40MG 10ML DROPS",0
Department1,"TORASEMIDE 40MG TAB",0
Department1,"CHLORPHENIRAMINE MALEATE 1MG + PARACETAMOL 125MG + PHENYLEPHRINE 2.5MG TAB",0
Department1,"MYCOPHENOLATE MOFETIL 250MG/ML SUSP",0
Department1,"METOPROLOL 50MG TAB",0
Department1,"PYRAZINAMIDE 1000MG",0
Department1,"PROPOFOL 2% 50ML INJ",0
Department1,"DORZOLAMIDE 2%W/V + TIMOLOL 0.5%W/V EYE DROPS",0
Department1,"CEFEPIME 1GM",0
Department1,"HYDROCORTISONE 5MG TAB",0
Department1,"SODIUM BENZOATE 200GM 5GM POWDER",0
Department1,"PHENOBARBITONE 20MG/5ML",0
Department1,"CHOLECALCIFEROL 600000 IU",0
Department1,"MOISTURIZING LOTION",0
Department1,"DEXMEDETOMIDINE 100MCG/ML 1ML INJ",0
